2022/10/06,12:43:34,buildTime,4.151113593,cpuLoad:,0.03%,ramLoad:,74.95%,
2022/10/06,12:43:49,buildTime,3.784592897,cpuLoad:,0.24%,ramLoad:,74.95%,
2022/10/06,12:44:02,buildTime,4.297531158,cpuLoad:,0.33%,ramLoad:,75.05%,
2022/10/06,12:44:14,buildTime,3.828255696,cpuLoad:,0.54%,ramLoad:,76.29%,
2022/10/06,12:45:06,buildTime,4.506940832,cpuLoad:,0.27%,ramLoad:,76.29%,
2022/10/06,12:46:25,buildTime,4.993480875,cpuLoad:,0.18%,ramLoad:,78.67%,
2022/10/06,12:46:35,buildTime,4.326535610,cpuLoad:,0.36%,ramLoad:,76.40%,
2022/10/06,12:46:42,buildTime,3.408322721,cpuLoad:,0.41%,ramLoad:,76.29%,
2022/10/06,12:50:06,buildTime,5.523009440,cpuLoad:,0.02%,ramLoad:,76.40%,
2022/10/06,12:55:10,buildTime,9.162402852,cpuLoad:,0.23%,ramLoad:,78.16%,
2022/10/06,13:00:07,buildTime,6.588439911,cpuLoad:,0.23%,ramLoad:,76.09%,
2022/10/06,13:05:07,buildTime,6.227337593,cpuLoad:,0.04%,ramLoad:,77.54%,
2022/10/06,13:10:07,buildTime,5.674407512,cpuLoad:,0.00%,ramLoad:,76.81%,
2022/10/06,13:15:08,buildTime,6.867297379,cpuLoad:,0.06%,ramLoad:,77.54%,
2022/10/06,13:20:10,buildTime,9.371754213,cpuLoad:,0.41%,ramLoad:,78.26%,
2022/10/06,13:25:09,buildTime,8.183833808,cpuLoad:,0.09%,ramLoad:,78.05%,
2022/10/06,13:30:16,buildTime,14.700311147,cpuLoad:,0.00%,ramLoad:,78.47%,
2022/10/06,13:36:30,buildTime,88.197603697,cpuLoad:,0.03%,ramLoad:,78.88%,
2022/10/06,13:40:05,buildTime,4.342095360,cpuLoad:,2.81%,ramLoad:,41.10%,
2022/10/06,13:45:06,buildTime,4.565630206,cpuLoad:,0.03%,ramLoad:,72.36%,
2022/10/06,13:48:26,buildTime,4.567811980,cpuLoad:,1.51%,ramLoad:,70.39%,
2022/10/06,13:48:53,buildTime,4.268173395,cpuLoad:,1.17%,ramLoad:,75.36%,
2022/10/06,13:49:20,buildTime,4.146327061,cpuLoad:,0.93%,ramLoad:,75.57%,
2022/10/06,13:49:38,buildTime,4.213733656,cpuLoad:,0.93%,ramLoad:,75.67%,
2022/10/06,13:50:05,buildTime,3.955272090,cpuLoad:,0.79%,ramLoad:,75.78%,
2022/10/06,13:55:06,buildTime,4.701128347,cpuLoad:,0.00%,ramLoad:,74.84%,
2022/10/06,14:00:08,buildTime,6.305687346,cpuLoad:,0.01%,ramLoad:,75.67%,
2022/10/06,14:05:06,buildTime,4.603386351,cpuLoad:,0.08%,ramLoad:,76.81%,
2022/10/06,14:10:06,buildTime,5.205760224,cpuLoad:,0.00%,ramLoad:,77.12%,
2022/10/06,14:15:06,buildTime,5.297098209,cpuLoad:,0.10%,ramLoad:,77.23%,
2022/10/06,14:20:07,buildTime,6.527906224,cpuLoad:,0.02%,ramLoad:,77.43%,
2022/10/06,14:25:07,buildTime,6.012453248,cpuLoad:,0.11%,ramLoad:,77.64%,
2022/10/06,14:30:09,buildTime,7.607627019,cpuLoad:,0.03%,ramLoad:,78.47%,
2022/10/06,14:35:07,buildTime,6.098693269,cpuLoad:,0.00%,ramLoad:,78.26%,
2022/10/06,14:40:21,buildTime,20.039987539,cpuLoad:,0.03%,ramLoad:,79.40%,
2022/10/06,14:45:20,buildTime,19.169084590,cpuLoad:,0.08%,ramLoad:,78.26%,
2022/10/06,15:05:06,buildTime,4.584803632,cpuLoad:,0.36%,ramLoad:,76.19%,
2022/10/06,15:10:06,buildTime,4.572720370,cpuLoad:,0.06%,ramLoad:,75.67%,
2022/10/06,15:15:06,buildTime,4.512553901,cpuLoad:,0.03%,ramLoad:,75.88%,
2022/10/06,15:20:11,buildTime,10.133974947,cpuLoad:,0.03%,ramLoad:,77.74%,
2022/10/06,15:25:06,buildTime,4.829675016,cpuLoad:,0.01%,ramLoad:,76.71%,
2022/10/06,15:30:06,buildTime,4.427729817,cpuLoad:,0.11%,ramLoad:,76.19%,
2022/10/06,15:35:06,buildTime,4.415640514,cpuLoad:,0.17%,ramLoad:,76.19%,
2022/10/06,15:40:09,buildTime,8.191876043,cpuLoad:,0.04%,ramLoad:,78.05%,
2022/10/06,15:45:07,buildTime,6.648696692,cpuLoad:,0.00%,ramLoad:,78.05%,
2022/10/06,15:50:08,buildTime,6.973792572,cpuLoad:,0.04%,ramLoad:,77.64%,
2022/10/06,15:55:11,buildTime,10.138343388,cpuLoad:,0.03%,ramLoad:,78.36%,
2022/10/06,16:00:09,buildTime,7.449016894,cpuLoad:,0.09%,ramLoad:,79.50%,
2022/10/06,16:05:06,buildTime,4.259436941,cpuLoad:,0.08%,ramLoad:,74.84%,
2022/10/06,16:10:06,buildTime,4.398753304,cpuLoad:,0.28%,ramLoad:,75.98%,
2022/10/06,16:15:06,buildTime,4.467456038,cpuLoad:,0.00%,ramLoad:,76.19%,
2022/10/06,16:20:06,buildTime,5.497250601,cpuLoad:,0.01%,ramLoad:,77.23%,
2022/10/06,16:25:05,buildTime,4.602814155,cpuLoad:,0.01%,ramLoad:,76.71%,
2022/10/06,16:30:06,buildTime,5.799936102,cpuLoad:,0.09%,ramLoad:,77.33%,
2022/10/06,16:35:07,buildTime,6.297817972,cpuLoad:,0.05%,ramLoad:,77.54%,
2022/10/06,16:40:08,buildTime,6.981598742,cpuLoad:,0.00%,ramLoad:,78.36%,
2022/10/06,16:45:08,buildTime,6.586007061,cpuLoad:,0.02%,ramLoad:,77.74%,
2022/10/06,17:35:05,buildTime,3.829497521,cpuLoad:,1.50%,ramLoad:,45.24%,
2022/10/06,17:36:59,buildTime,2.202348409,cpuLoad:,0.23%,ramLoad:,47.93%,
2022/10/06,17:37:26,buildTime,2.297423025,cpuLoad:,0.43%,ramLoad:,50.00%,
2022/10/06,17:40:03,buildTime,2.399816832,cpuLoad:,0.04%,ramLoad:,51.14%,
2022/10/06,17:45:04,buildTime,3.477162405,cpuLoad:,0.20%,ramLoad:,50.83%,
2022/10/06,17:55:04,buildTime,3.515691564,cpuLoad:,0.17%,ramLoad:,68.94%,
2022/10/06,18:00:07,buildTime,5.550065234,cpuLoad:,0.14%,ramLoad:,71.43%,
2022/10/06,18:05:05,buildTime,3.586647739,cpuLoad:,0.22%,ramLoad:,67.70%,
2022/10/06,18:10:05,buildTime,3.899686869,cpuLoad:,0.21%,ramLoad:,72.57%,
2022/10/06,18:15:05,buildTime,3.795755991,cpuLoad:,0.05%,ramLoad:,72.67%,
2022/10/06,18:20:05,buildTime,4.019898984,cpuLoad:,0.01%,ramLoad:,73.81%,
2022/10/06,18:25:05,buildTime,4.166890848,cpuLoad:,0.00%,ramLoad:,73.71%,
2022/10/06,18:30:05,buildTime,4.529040151,cpuLoad:,0.01%,ramLoad:,74.02%,
2022/10/06,18:35:05,buildTime,4.303349332,cpuLoad:,0.02%,ramLoad:,74.12%,
2022/10/06,18:40:04,buildTime,3.626042744,cpuLoad:,1.28%,ramLoad:,67.70%,
2022/10/06,18:45:05,buildTime,3.946740316,cpuLoad:,1.24%,ramLoad:,67.08%,
2022/10/06,18:50:05,buildTime,4.176640327,cpuLoad:,0.29%,ramLoad:,63.77%,
2022/10/06,18:55:04,buildTime,3.183285425,cpuLoad:,0.04%,ramLoad:,61.59%,
2022/10/06,19:00:06,buildTime,5.019734619,cpuLoad:,0.02%,ramLoad:,60.77%,
2022/10/06,19:05:04,buildTime,3.101101366,cpuLoad:,0.00%,ramLoad:,61.80%,
2022/10/06,19:15:05,buildTime,3.454581939,cpuLoad:,0.17%,ramLoad:,64.60%,
2022/10/06,19:20:04,buildTime,3.546309653,cpuLoad:,0.18%,ramLoad:,64.60%,
2022/10/06,19:25:04,buildTime,3.630138615,cpuLoad:,0.02%,ramLoad:,54.87%,
2022/10/06,19:30:04,buildTime,3.568104480,cpuLoad:,0.00%,ramLoad:,54.24%,
2022/10/06,19:35:04,buildTime,2.904491035,cpuLoad:,0.41%,ramLoad:,61.70%,
2022/10/06,19:40:04,buildTime,3.086797315,cpuLoad:,0.02%,ramLoad:,61.08%,
2022/10/06,19:50:05,buildTime,4.077957536,cpuLoad:,0.06%,ramLoad:,39.44%,
2022/10/06,19:55:05,buildTime,4.260841370,cpuLoad:,0.41%,ramLoad:,62.84%,
2022/10/06,20:00:08,buildTime,6.976710761,cpuLoad:,0.25%,ramLoad:,61.08%,
2022/10/06,20:05:05,buildTime,3.292413368,cpuLoad:,0.28%,ramLoad:,63.66%,
2022/10/06,20:10:05,buildTime,3.162365262,cpuLoad:,0.07%,ramLoad:,60.87%,
2022/10/06,20:15:05,buildTime,3.181815843,cpuLoad:,0.05%,ramLoad:,59.63%,
2022/10/06,20:20:07,buildTime,5.016734728,cpuLoad:,1.06%,ramLoad:,64.80%,
2022/10/06,20:25:05,buildTime,4.124236545,cpuLoad:,1.60%,ramLoad:,49.28%,
2022/10/06,20:35:05,buildTime,3.420323609,cpuLoad:,1.07%,ramLoad:,4.17%,
2022/10/06,20:40:04,buildTime,3.041500844,cpuLoad:,0.24%,ramLoad:,4.57%,
2022/10/06,20:45:04,buildTime,3.029627283,cpuLoad:,0.00%,ramLoad:,4.57%,
2022/10/06,20:50:05,buildTime,3.206172989,cpuLoad:,0.01%,ramLoad:,4.65%,
2022/10/06,20:55:04,buildTime,3.167894704,cpuLoad:,1.34%,ramLoad:,4.97%,
2022/10/06,21:00:04,buildTime,2.956621136,cpuLoad:,0.12%,ramLoad:,4.80%,
2022/10/06,21:05:04,buildTime,3.021943126,cpuLoad:,0.00%,ramLoad:,4.89%,
2022/10/06,21:10:04,buildTime,3.006820278,cpuLoad:,0.00%,ramLoad:,4.91%,
2022/10/06,21:15:04,buildTime,3.029033906,cpuLoad:,0.24%,ramLoad:,4.82%,
2022/10/06,21:20:05,buildTime,3.223064294,cpuLoad:,0.05%,ramLoad:,4.98%,
2022/10/06,21:25:05,buildTime,3.344940270,cpuLoad:,0.04%,ramLoad:,5.04%,
2022/10/06,21:30:04,buildTime,3.024254623,cpuLoad:,0.18%,ramLoad:,5.01%,
2022/10/06,21:35:04,buildTime,3.195855365,cpuLoad:,0.04%,ramLoad:,5.09%,
2022/10/06,21:40:04,buildTime,3.057685201,cpuLoad:,0.09%,ramLoad:,5.09%,
2022/10/06,21:45:04,buildTime,3.265025941,cpuLoad:,0.04%,ramLoad:,5.09%,
2022/10/06,21:50:04,buildTime,3.113592736,cpuLoad:,0.13%,ramLoad:,5.01%,
2022/10/06,21:55:06,buildTime,4.758161068,cpuLoad:,0.20%,ramLoad:,5.15%,
2022/10/06,22:00:06,buildTime,4.905271064,cpuLoad:,1.99%,ramLoad:,62.63%,
2022/10/06,22:05:05,buildTime,3.071612466,cpuLoad:,0.02%,ramLoad:,61.70%,
2022/10/06,22:10:04,buildTime,3.190737673,cpuLoad:,0.15%,ramLoad:,63.15%,
2022/10/06,22:15:04,buildTime,3.108799756,cpuLoad:,0.04%,ramLoad:,60.87%,
2022/10/06,22:20:04,buildTime,3.182441702,cpuLoad:,0.00%,ramLoad:,62.01%,
2022/10/06,22:25:04,buildTime,3.085967956,cpuLoad:,0.03%,ramLoad:,60.66%,
2022/10/06,22:30:05,buildTime,3.968206930,cpuLoad:,0.08%,ramLoad:,60.87%,
2022/10/06,22:35:04,buildTime,3.241226924,cpuLoad:,0.06%,ramLoad:,61.59%,
2022/10/06,22:40:04,buildTime,3.026623268,cpuLoad:,0.00%,ramLoad:,61.18%,
2022/10/06,22:45:04,buildTime,3.058065634,cpuLoad:,0.04%,ramLoad:,61.18%,
2022/10/06,22:50:04,buildTime,3.207731448,cpuLoad:,0.03%,ramLoad:,61.70%,
2022/10/06,22:55:04,buildTime,3.179942979,cpuLoad:,0.02%,ramLoad:,62.22%,
2022/10/06,23:00:06,buildTime,4.750759441,cpuLoad:,0.00%,ramLoad:,62.84%,
2022/10/06,23:05:04,buildTime,3.003622877,cpuLoad:,0.28%,ramLoad:,62.42%,
2022/10/06,23:10:04,buildTime,3.168923722,cpuLoad:,0.00%,ramLoad:,62.42%,
2022/10/06,23:15:04,buildTime,3.061872111,cpuLoad:,0.04%,ramLoad:,61.80%,
2022/10/06,23:20:04,buildTime,3.021521914,cpuLoad:,0.00%,ramLoad:,61.70%,
2022/10/06,23:25:05,buildTime,3.070347457,cpuLoad:,0.14%,ramLoad:,62.22%,
2022/10/06,23:30:05,buildTime,3.315526757,cpuLoad:,0.00%,ramLoad:,61.80%,
2022/10/06,23:35:04,buildTime,3.031596397,cpuLoad:,0.10%,ramLoad:,62.22%,
2022/10/06,23:40:04,buildTime,3.062404575,cpuLoad:,0.08%,ramLoad:,61.90%,
2022/10/06,23:45:04,buildTime,2.999268124,cpuLoad:,0.01%,ramLoad:,61.90%,
2022/10/06,23:50:04,buildTime,3.104032017,cpuLoad:,0.13%,ramLoad:,61.80%,
2022/10/06,23:55:05,buildTime,3.978079356,cpuLoad:,0.11%,ramLoad:,63.25%,
2022/10/07,00:00:10,buildTime,6.218624767,cpuLoad:,1.05%,ramLoad:,59.94%,
2022/10/07,00:05:05,buildTime,3.347000947,cpuLoad:,0.06%,ramLoad:,62.42%,
2022/10/07,00:10:04,buildTime,3.183668879,cpuLoad:,0.07%,ramLoad:,61.39%,
2022/10/07,00:15:04,buildTime,3.051082790,cpuLoad:,0.01%,ramLoad:,60.46%,
2022/10/07,00:20:04,buildTime,2.851419705,cpuLoad:,0.00%,ramLoad:,60.77%,
2022/10/07,00:25:04,buildTime,2.787097869,cpuLoad:,0.00%,ramLoad:,60.66%,
2022/10/07,00:30:04,buildTime,3.596033488,cpuLoad:,0.14%,ramLoad:,60.14%,
2022/10/07,00:35:04,buildTime,2.998988849,cpuLoad:,0.00%,ramLoad:,60.35%,
2022/10/07,00:40:04,buildTime,2.912500360,cpuLoad:,0.00%,ramLoad:,61.49%,
2022/10/07,00:45:04,buildTime,2.851768621,cpuLoad:,0.00%,ramLoad:,61.08%,
2022/10/07,00:50:04,buildTime,2.873011698,cpuLoad:,0.32%,ramLoad:,60.46%,
2022/10/07,00:55:04,buildTime,2.902467222,cpuLoad:,0.00%,ramLoad:,61.28%,
2022/10/07,01:00:06,buildTime,5.048894009,cpuLoad:,0.00%,ramLoad:,61.18%,
2022/10/07,01:05:04,buildTime,2.882013503,cpuLoad:,0.04%,ramLoad:,62.01%,
2022/10/07,01:10:04,buildTime,3.027757465,cpuLoad:,0.02%,ramLoad:,61.80%,
2022/10/07,01:15:04,buildTime,2.855343719,cpuLoad:,0.00%,ramLoad:,61.49%,
2022/10/07,01:20:04,buildTime,2.820012229,cpuLoad:,0.14%,ramLoad:,61.49%,
2022/10/07,01:25:04,buildTime,2.887116020,cpuLoad:,0.00%,ramLoad:,61.59%,
2022/10/07,01:30:05,buildTime,3.074753996,cpuLoad:,0.11%,ramLoad:,61.39%,
2022/10/07,01:35:04,buildTime,2.804888923,cpuLoad:,0.02%,ramLoad:,61.28%,
2022/10/07,01:40:04,buildTime,2.929279879,cpuLoad:,0.03%,ramLoad:,61.39%,
2022/10/07,01:45:04,buildTime,2.968052096,cpuLoad:,0.46%,ramLoad:,61.28%,
2022/10/07,01:50:04,buildTime,2.980833521,cpuLoad:,0.00%,ramLoad:,61.28%,
2022/10/07,01:55:04,buildTime,2.921907153,cpuLoad:,0.04%,ramLoad:,61.39%,
2022/10/07,02:00:06,buildTime,5.231881507,cpuLoad:,0.00%,ramLoad:,61.28%,
2022/10/07,02:05:04,buildTime,2.816123239,cpuLoad:,0.01%,ramLoad:,61.39%,
2022/10/07,02:10:04,buildTime,3.037072478,cpuLoad:,0.00%,ramLoad:,60.66%,
2022/10/07,02:15:04,buildTime,2.901617443,cpuLoad:,0.07%,ramLoad:,60.66%,
2022/10/07,02:20:04,buildTime,2.802513205,cpuLoad:,0.00%,ramLoad:,60.66%,
2022/10/07,02:25:04,buildTime,2.862799922,cpuLoad:,0.00%,ramLoad:,60.87%,
2022/10/07,02:30:04,buildTime,3.227143443,cpuLoad:,0.03%,ramLoad:,60.46%,
2022/10/07,02:35:04,buildTime,2.813158154,cpuLoad:,0.27%,ramLoad:,60.25%,
2022/10/07,02:40:04,buildTime,2.833128092,cpuLoad:,0.00%,ramLoad:,60.35%,
2022/10/07,02:45:04,buildTime,2.839000722,cpuLoad:,0.00%,ramLoad:,59.73%,
2022/10/07,02:50:05,buildTime,2.925057575,cpuLoad:,0.02%,ramLoad:,60.25%,
2022/10/07,02:55:03,buildTime,2.868137688,cpuLoad:,0.02%,ramLoad:,60.46%,
2022/10/07,03:00:07,buildTime,6.292835226,cpuLoad:,0.00%,ramLoad:,60.56%,
2022/10/07,03:05:04,buildTime,2.942876342,cpuLoad:,0.00%,ramLoad:,60.35%,
2022/10/07,03:10:04,buildTime,3.090988578,cpuLoad:,0.29%,ramLoad:,60.46%,
2022/10/07,03:15:04,buildTime,3.137266444,cpuLoad:,0.03%,ramLoad:,60.46%,
2022/10/07,03:20:04,buildTime,2.929208838,cpuLoad:,0.11%,ramLoad:,60.35%,
2022/10/07,03:25:04,buildTime,2.872106410,cpuLoad:,0.00%,ramLoad:,60.46%,
2022/10/07,03:30:05,buildTime,3.419543760,cpuLoad:,0.32%,ramLoad:,60.97%,
2022/10/07,03:35:04,buildTime,2.867910959,cpuLoad:,0.16%,ramLoad:,60.14%,
2022/10/07,03:40:04,buildTime,2.837547934,cpuLoad:,0.02%,ramLoad:,60.25%,
2022/10/07,03:45:04,buildTime,2.839834952,cpuLoad:,0.02%,ramLoad:,60.25%,
2022/10/07,03:50:04,buildTime,2.877625430,cpuLoad:,0.08%,ramLoad:,59.42%,
2022/10/07,03:55:04,buildTime,2.883009515,cpuLoad:,0.01%,ramLoad:,60.25%,
2022/10/07,04:00:08,buildTime,6.357262728,cpuLoad:,0.03%,ramLoad:,60.56%,
2022/10/07,04:05:05,buildTime,3.317617576,cpuLoad:,0.14%,ramLoad:,62.94%,
2022/10/07,04:10:04,buildTime,2.926853501,cpuLoad:,0.18%,ramLoad:,61.39%,
2022/10/07,04:15:04,buildTime,2.824698633,cpuLoad:,0.00%,ramLoad:,60.35%,
2022/10/07,04:20:04,buildTime,2.972764216,cpuLoad:,0.00%,ramLoad:,61.08%,
2022/10/07,04:25:04,buildTime,2.873970795,cpuLoad:,0.02%,ramLoad:,60.14%,
2022/10/07,04:30:04,buildTime,3.511098850,cpuLoad:,0.09%,ramLoad:,59.83%,
2022/10/07,04:35:04,buildTime,2.870347802,cpuLoad:,0.05%,ramLoad:,60.04%,
2022/10/07,04:40:04,buildTime,3.045539439,cpuLoad:,0.00%,ramLoad:,61.18%,
2022/10/07,04:45:04,buildTime,2.829281739,cpuLoad:,0.07%,ramLoad:,60.14%,
2022/10/07,04:50:04,buildTime,2.825745474,cpuLoad:,0.00%,ramLoad:,60.04%,
2022/10/07,04:55:04,buildTime,2.842947281,cpuLoad:,0.02%,ramLoad:,60.56%,
2022/10/07,05:00:07,buildTime,5.364866345,cpuLoad:,0.25%,ramLoad:,62.01%,
2022/10/07,05:05:04,buildTime,2.877148449,cpuLoad:,0.00%,ramLoad:,61.08%,
2022/10/07,05:10:04,buildTime,2.889281946,cpuLoad:,0.03%,ramLoad:,61.28%,
2022/10/07,05:15:04,buildTime,2.842256803,cpuLoad:,0.06%,ramLoad:,61.39%,
2022/10/07,05:20:04,buildTime,2.832340915,cpuLoad:,0.07%,ramLoad:,61.39%,
2022/10/07,05:25:03,buildTime,2.856626388,cpuLoad:,0.05%,ramLoad:,61.08%,
2022/10/07,05:30:05,buildTime,3.914783378,cpuLoad:,0.01%,ramLoad:,61.28%,
2022/10/07,05:35:04,buildTime,3.015303695,cpuLoad:,0.13%,ramLoad:,61.18%,
2022/10/07,05:40:04,buildTime,2.943696732,cpuLoad:,0.00%,ramLoad:,61.28%,
2022/10/07,05:45:04,buildTime,2.855410672,cpuLoad:,0.12%,ramLoad:,60.87%,
2022/10/07,05:50:04,buildTime,2.866831424,cpuLoad:,0.04%,ramLoad:,60.66%,
2022/10/07,05:55:04,buildTime,2.896662664,cpuLoad:,0.18%,ramLoad:,60.66%,
2022/10/07,06:00:05,buildTime,3.882087257,cpuLoad:,0.24%,ramLoad:,60.77%,
2022/10/07,06:05:04,buildTime,2.969947102,cpuLoad:,0.00%,ramLoad:,60.35%,
2022/10/07,06:10:04,buildTime,2.953072614,cpuLoad:,0.01%,ramLoad:,60.56%,
2022/10/07,06:15:04,buildTime,3.058538902,cpuLoad:,0.06%,ramLoad:,60.56%,
2022/10/07,06:20:04,buildTime,2.965129605,cpuLoad:,0.03%,ramLoad:,60.04%,
2022/10/07,06:25:04,buildTime,2.986193307,cpuLoad:,0.01%,ramLoad:,60.66%,
2022/10/07,06:30:05,buildTime,3.050850191,cpuLoad:,0.10%,ramLoad:,60.35%,
2022/10/07,06:35:04,buildTime,2.912571509,cpuLoad:,0.00%,ramLoad:,60.46%,
2022/10/07,06:40:04,buildTime,2.946063874,cpuLoad:,0.02%,ramLoad:,60.25%,
2022/10/07,06:45:04,buildTime,2.840805716,cpuLoad:,0.00%,ramLoad:,60.25%,
2022/10/07,06:50:04,buildTime,2.973843914,cpuLoad:,0.09%,ramLoad:,60.25%,
2022/10/07,06:55:04,buildTime,2.952394169,cpuLoad:,0.01%,ramLoad:,60.56%,
2022/10/07,07:00:07,buildTime,5.658864459,cpuLoad:,0.04%,ramLoad:,60.56%,
2022/10/07,07:05:04,buildTime,2.876958736,cpuLoad:,0.00%,ramLoad:,60.14%,
2022/10/07,07:10:04,buildTime,3.064978616,cpuLoad:,0.00%,ramLoad:,60.25%,
2022/10/07,07:15:05,buildTime,3.279560464,cpuLoad:,0.27%,ramLoad:,60.87%,
2022/10/07,07:20:04,buildTime,3.163163789,cpuLoad:,0.13%,ramLoad:,62.11%,
2022/10/07,07:25:04,buildTime,3.025948123,cpuLoad:,0.02%,ramLoad:,58.18%,
2022/10/07,07:30:05,buildTime,3.774191726,cpuLoad:,0.11%,ramLoad:,58.39%,
2022/10/07,07:35:04,buildTime,2.909893655,cpuLoad:,0.01%,ramLoad:,59.11%,
2022/10/07,07:40:04,buildTime,3.013590378,cpuLoad:,0.33%,ramLoad:,59.42%,
2022/10/07,07:45:04,buildTime,2.944765224,cpuLoad:,0.00%,ramLoad:,59.42%,
2022/10/07,07:50:04,buildTime,3.062382757,cpuLoad:,0.01%,ramLoad:,59.42%,
2022/10/07,07:55:04,buildTime,2.963574874,cpuLoad:,0.04%,ramLoad:,59.63%,
2022/10/07,08:00:08,buildTime,6.713229992,cpuLoad:,0.16%,ramLoad:,60.04%,
2022/10/07,08:05:05,buildTime,3.296594407,cpuLoad:,0.05%,ramLoad:,62.11%,
2022/10/07,08:10:04,buildTime,2.929328527,cpuLoad:,0.00%,ramLoad:,60.77%,
2022/10/07,08:15:05,buildTime,2.964038039,cpuLoad:,0.13%,ramLoad:,60.46%,
2022/10/07,08:20:04,buildTime,3.085959169,cpuLoad:,0.32%,ramLoad:,64.49%,
2022/10/07,08:25:04,buildTime,2.905566088,cpuLoad:,0.00%,ramLoad:,60.04%,
2022/10/07,08:30:04,buildTime,3.579603258,cpuLoad:,0.00%,ramLoad:,60.04%,
2022/10/07,08:35:04,buildTime,2.974626700,cpuLoad:,0.42%,ramLoad:,60.25%,
2022/10/07,08:40:04,buildTime,2.905239249,cpuLoad:,0.00%,ramLoad:,60.77%,
2022/10/07,08:45:04,buildTime,2.847996694,cpuLoad:,0.03%,ramLoad:,60.66%,
2022/10/07,08:50:04,buildTime,2.884826301,cpuLoad:,0.00%,ramLoad:,60.46%,
2022/10/07,08:55:04,buildTime,2.969989828,cpuLoad:,0.00%,ramLoad:,61.59%,
2022/10/07,09:00:07,buildTime,5.633311048,cpuLoad:,0.00%,ramLoad:,61.28%,
2022/10/07,09:05:04,buildTime,2.901346974,cpuLoad:,0.02%,ramLoad:,62.32%,
2022/10/07,09:10:04,buildTime,2.883871163,cpuLoad:,0.02%,ramLoad:,61.70%,
2022/10/07,09:15:04,buildTime,2.841951354,cpuLoad:,0.08%,ramLoad:,60.97%,
2022/10/07,09:20:04,buildTime,2.834650875,cpuLoad:,0.02%,ramLoad:,60.35%,
2022/10/07,09:25:03,buildTime,2.900115058,cpuLoad:,0.03%,ramLoad:,60.35%,
2022/10/07,09:30:04,buildTime,3.618730717,cpuLoad:,0.00%,ramLoad:,60.77%,
2022/10/07,09:35:04,buildTime,2.935642891,cpuLoad:,0.00%,ramLoad:,60.25%,
2022/10/07,09:40:04,buildTime,2.958580081,cpuLoad:,0.02%,ramLoad:,60.35%,
2022/10/07,09:45:04,buildTime,2.842880682,cpuLoad:,0.19%,ramLoad:,60.56%,
2022/10/07,09:50:04,buildTime,3.030634192,cpuLoad:,0.00%,ramLoad:,60.46%,
2022/10/07,09:55:09,buildTime,7.798792217,cpuLoad:,0.00%,ramLoad:,60.46%,
2022/10/07,10:00:06,buildTime,4.881523839,cpuLoad:,0.06%,ramLoad:,63.56%,
2022/10/07,10:05:04,buildTime,2.813827621,cpuLoad:,0.18%,ramLoad:,60.35%,
2022/10/07,10:10:04,buildTime,2.955762559,cpuLoad:,0.00%,ramLoad:,59.73%,
2022/10/07,10:15:04,buildTime,2.856261987,cpuLoad:,0.00%,ramLoad:,59.73%,
2022/10/07,10:20:04,buildTime,2.970836437,cpuLoad:,0.17%,ramLoad:,60.35%,
2022/10/07,10:25:04,buildTime,2.885649508,cpuLoad:,0.28%,ramLoad:,60.04%,
2022/10/07,10:30:05,buildTime,3.172863740,cpuLoad:,0.08%,ramLoad:,60.04%,
2022/10/07,10:35:04,buildTime,2.819610459,cpuLoad:,0.05%,ramLoad:,60.04%,
2022/10/07,10:40:04,buildTime,3.012884914,cpuLoad:,0.24%,ramLoad:,59.52%,
2022/10/07,10:45:04,buildTime,2.918869876,cpuLoad:,0.00%,ramLoad:,59.52%,
2022/10/07,10:50:04,buildTime,2.925359950,cpuLoad:,0.00%,ramLoad:,59.32%,
2022/10/07,10:55:04,buildTime,2.862530951,cpuLoad:,0.02%,ramLoad:,59.63%,
2022/10/07,11:00:06,buildTime,5.045025248,cpuLoad:,0.00%,ramLoad:,63.77%,
2022/10/07,11:05:04,buildTime,2.861439971,cpuLoad:,0.05%,ramLoad:,58.28%,
2022/10/07,11:10:04,buildTime,3.057797742,cpuLoad:,0.01%,ramLoad:,58.07%,
2022/10/07,11:15:04,buildTime,3.058879318,cpuLoad:,0.00%,ramLoad:,58.07%,
2022/10/07,11:20:04,buildTime,2.824087514,cpuLoad:,0.00%,ramLoad:,58.07%,
2022/10/07,11:25:04,buildTime,2.863518881,cpuLoad:,0.01%,ramLoad:,58.18%,
2022/10/07,11:30:04,buildTime,3.252470991,cpuLoad:,0.06%,ramLoad:,58.28%,
2022/10/07,11:35:04,buildTime,2.812483620,cpuLoad:,0.00%,ramLoad:,58.07%,
2022/10/07,11:40:04,buildTime,2.826317098,cpuLoad:,0.02%,ramLoad:,58.07%,
2022/10/07,11:45:04,buildTime,2.884660275,cpuLoad:,0.15%,ramLoad:,58.18%,
2022/10/07,11:50:05,buildTime,2.944125138,cpuLoad:,0.08%,ramLoad:,58.07%,
2022/10/07,11:55:04,buildTime,2.900548509,cpuLoad:,0.00%,ramLoad:,58.07%,
2022/10/07,12:00:10,buildTime,9.030144201,cpuLoad:,0.00%,ramLoad:,58.49%,
2022/10/07,12:05:03,buildTime,1.846076876,cpuLoad:,0.18%,ramLoad:,62.01%,
2022/10/07,12:10:05,buildTime,3.625085077,cpuLoad:,0.00%,ramLoad:,59.52%,
2022/10/07,12:15:04,buildTime,3.001748764,cpuLoad:,0.00%,ramLoad:,60.77%,
2022/10/07,12:20:04,buildTime,2.976146635,cpuLoad:,0.00%,ramLoad:,61.80%,
2022/10/07,12:25:04,buildTime,2.852502135,cpuLoad:,0.07%,ramLoad:,62.22%,
2022/10/07,12:30:04,buildTime,3.127845631,cpuLoad:,0.00%,ramLoad:,59.32%,
2022/10/07,12:35:04,buildTime,2.876935982,cpuLoad:,0.00%,ramLoad:,63.04%,
2022/10/07,12:40:04,buildTime,2.896692407,cpuLoad:,0.04%,ramLoad:,62.73%,
2022/10/07,12:45:04,buildTime,2.872587532,cpuLoad:,0.17%,ramLoad:,62.32%,
2022/10/07,12:50:04,buildTime,2.907054515,cpuLoad:,0.03%,ramLoad:,61.80%,
2022/10/07,12:55:04,buildTime,2.902561646,cpuLoad:,0.00%,ramLoad:,61.18%,
2022/10/07,13:00:05,buildTime,4.438865407,cpuLoad:,0.01%,ramLoad:,61.18%,
2022/10/07,13:05:04,buildTime,2.872452583,cpuLoad:,0.00%,ramLoad:,39.23%,
2022/10/07,13:10:04,buildTime,3.050377702,cpuLoad:,0.00%,ramLoad:,39.13%,
2022/10/07,13:15:04,buildTime,2.879304939,cpuLoad:,0.00%,ramLoad:,39.23%,
2022/10/07,13:20:04,buildTime,2.906569512,cpuLoad:,0.06%,ramLoad:,38.72%,
2022/10/07,13:25:04,buildTime,2.830952595,cpuLoad:,0.00%,ramLoad:,38.82%,
2022/10/07,13:30:05,buildTime,3.493644581,cpuLoad:,0.01%,ramLoad:,42.24%,
2022/10/07,13:35:04,buildTime,2.829102786,cpuLoad:,0.00%,ramLoad:,39.13%,
2022/10/07,13:40:04,buildTime,2.809669997,cpuLoad:,0.11%,ramLoad:,38.72%,
2022/10/07,13:45:04,buildTime,2.806739122,cpuLoad:,0.00%,ramLoad:,39.65%,
2022/10/07,13:50:04,buildTime,2.845795796,cpuLoad:,0.01%,ramLoad:,39.75%,
2022/10/07,13:55:04,buildTime,2.829829718,cpuLoad:,0.08%,ramLoad:,39.75%,
2022/10/07,14:00:06,buildTime,4.973487111,cpuLoad:,0.16%,ramLoad:,39.75%,
2022/10/07,14:05:04,buildTime,2.832311971,cpuLoad:,0.01%,ramLoad:,43.06%,
2022/10/07,14:10:04,buildTime,3.092815758,cpuLoad:,0.07%,ramLoad:,43.69%,
2022/10/07,14:15:03,buildTime,2.869743862,cpuLoad:,0.15%,ramLoad:,43.06%,
2022/10/07,14:20:04,buildTime,2.870481763,cpuLoad:,0.00%,ramLoad:,39.96%,
2022/10/07,14:25:04,buildTime,2.889705443,cpuLoad:,0.01%,ramLoad:,40.06%,
2022/10/07,14:30:04,buildTime,3.663327788,cpuLoad:,0.08%,ramLoad:,40.17%,
2022/10/07,14:35:04,buildTime,2.834848557,cpuLoad:,0.00%,ramLoad:,40.17%,
2022/10/07,14:40:04,buildTime,2.880934727,cpuLoad:,0.00%,ramLoad:,40.27%,
2022/10/07,14:45:04,buildTime,2.796046185,cpuLoad:,0.17%,ramLoad:,42.13%,
2022/10/07,14:50:04,buildTime,2.853789746,cpuLoad:,0.19%,ramLoad:,42.55%,
2022/10/07,14:55:04,buildTime,2.900618691,cpuLoad:,0.00%,ramLoad:,42.34%,
2022/10/07,15:00:06,buildTime,4.927448572,cpuLoad:,0.00%,ramLoad:,43.69%,
2022/10/07,15:05:04,buildTime,2.852360205,cpuLoad:,0.03%,ramLoad:,43.58%,
2022/10/07,15:10:04,buildTime,2.868771502,cpuLoad:,0.00%,ramLoad:,43.17%,
2022/10/07,15:15:04,buildTime,2.821278844,cpuLoad:,0.03%,ramLoad:,42.24%,
2022/10/07,15:20:04,buildTime,2.780522271,cpuLoad:,0.00%,ramLoad:,42.55%,
2022/10/07,15:25:04,buildTime,2.799861025,cpuLoad:,0.04%,ramLoad:,42.55%,
2022/10/07,15:30:05,buildTime,3.227020225,cpuLoad:,0.00%,ramLoad:,44.00%,
2022/10/07,15:35:04,buildTime,2.990843773,cpuLoad:,0.00%,ramLoad:,45.24%,
2022/10/07,15:40:04,buildTime,2.973660168,cpuLoad:,0.00%,ramLoad:,43.17%,
2022/10/07,15:45:04,buildTime,2.847552342,cpuLoad:,0.19%,ramLoad:,43.17%,
2022/10/07,15:50:04,buildTime,2.998896806,cpuLoad:,0.00%,ramLoad:,42.75%,
2022/10/07,15:55:04,buildTime,2.820018104,cpuLoad:,0.02%,ramLoad:,43.79%,
2022/10/07,16:00:09,buildTime,7.661479546,cpuLoad:,0.00%,ramLoad:,43.58%,
2022/10/07,16:05:03,buildTime,1.975867883,cpuLoad:,0.10%,ramLoad:,62.32%,
2022/10/07,16:10:04,buildTime,3.576010345,cpuLoad:,0.07%,ramLoad:,61.70%,
2022/10/07,16:15:04,buildTime,3.082273927,cpuLoad:,0.00%,ramLoad:,60.97%,
2022/10/07,16:20:04,buildTime,2.990983660,cpuLoad:,0.09%,ramLoad:,61.70%,
2022/10/07,16:25:04,buildTime,2.867701443,cpuLoad:,0.00%,ramLoad:,60.46%,
2022/10/07,16:30:05,buildTime,3.516489845,cpuLoad:,0.18%,ramLoad:,59.73%,
2022/10/07,16:35:04,buildTime,2.880209352,cpuLoad:,0.08%,ramLoad:,63.25%,
2022/10/07,16:40:04,buildTime,2.912530252,cpuLoad:,0.22%,ramLoad:,60.77%,
2022/10/07,16:45:04,buildTime,2.925719704,cpuLoad:,0.00%,ramLoad:,60.25%,
2022/10/07,16:50:04,buildTime,2.940243063,cpuLoad:,0.06%,ramLoad:,59.73%,
2022/10/07,16:55:04,buildTime,2.990855368,cpuLoad:,0.00%,ramLoad:,60.46%,
2022/10/07,17:00:06,buildTime,4.181023115,cpuLoad:,0.08%,ramLoad:,59.73%,
2022/10/07,17:05:04,buildTime,2.845057210,cpuLoad:,0.00%,ramLoad:,60.66%,
2022/10/07,17:10:04,buildTime,3.258194430,cpuLoad:,0.04%,ramLoad:,63.15%,
2022/10/07,17:15:04,buildTime,3.113145589,cpuLoad:,0.01%,ramLoad:,60.25%,
2022/10/07,17:20:04,buildTime,2.944464733,cpuLoad:,0.00%,ramLoad:,60.35%,
2022/10/07,17:25:04,buildTime,2.873508286,cpuLoad:,0.08%,ramLoad:,59.94%,
2022/10/07,17:30:04,buildTime,3.660203884,cpuLoad:,0.00%,ramLoad:,60.56%,
2022/10/07,17:35:04,buildTime,2.890712611,cpuLoad:,0.02%,ramLoad:,60.46%,
2022/10/07,17:40:04,buildTime,2.962349803,cpuLoad:,0.00%,ramLoad:,60.04%,
2022/10/07,17:45:04,buildTime,2.848564056,cpuLoad:,0.02%,ramLoad:,60.14%,
2022/10/07,17:50:04,buildTime,2.907083323,cpuLoad:,0.00%,ramLoad:,59.94%,
2022/10/07,17:55:04,buildTime,2.856356091,cpuLoad:,0.04%,ramLoad:,60.04%,
2022/10/07,18:00:07,buildTime,5.797007240,cpuLoad:,0.00%,ramLoad:,60.35%,
2022/10/07,18:05:04,buildTime,2.850105434,cpuLoad:,0.09%,ramLoad:,59.94%,
2022/10/07,18:10:04,buildTime,2.885516359,cpuLoad:,0.00%,ramLoad:,59.11%,
2022/10/07,18:15:04,buildTime,2.869872754,cpuLoad:,0.12%,ramLoad:,59.01%,
2022/10/07,18:20:04,buildTime,2.860988913,cpuLoad:,0.00%,ramLoad:,59.21%,
2022/10/07,18:25:04,buildTime,2.801087160,cpuLoad:,0.10%,ramLoad:,59.32%,
2022/10/07,18:30:04,buildTime,3.815664053,cpuLoad:,0.01%,ramLoad:,59.42%,
2022/10/07,18:35:04,buildTime,3.032649601,cpuLoad:,0.68%,ramLoad:,59.11%,
2022/10/07,18:40:04,buildTime,2.911616136,cpuLoad:,0.00%,ramLoad:,59.11%,
2022/10/07,18:45:04,buildTime,2.907145209,cpuLoad:,0.30%,ramLoad:,64.08%,
2022/10/07,18:50:04,buildTime,2.969040555,cpuLoad:,0.00%,ramLoad:,59.21%,
2022/10/07,18:55:04,buildTime,2.909816740,cpuLoad:,0.07%,ramLoad:,59.21%,
2022/10/07,19:00:06,buildTime,4.651945719,cpuLoad:,0.00%,ramLoad:,59.21%,
2022/10/07,19:05:04,buildTime,3.041675040,cpuLoad:,0.08%,ramLoad:,63.66%,
2022/10/07,19:10:04,buildTime,3.024633297,cpuLoad:,0.00%,ramLoad:,58.59%,
2022/10/07,19:15:04,buildTime,2.892965508,cpuLoad:,0.00%,ramLoad:,58.59%,
2022/10/07,19:20:04,buildTime,2.824520231,cpuLoad:,0.01%,ramLoad:,58.49%,
2022/10/07,19:25:04,buildTime,2.880119634,cpuLoad:,0.06%,ramLoad:,58.70%,
2022/10/07,19:30:05,buildTime,3.488696276,cpuLoad:,0.01%,ramLoad:,58.59%,
2022/10/07,19:35:04,buildTime,2.831444313,cpuLoad:,0.06%,ramLoad:,58.49%,
2022/10/07,19:40:04,buildTime,2.839586102,cpuLoad:,0.03%,ramLoad:,58.59%,
2022/10/07,19:45:04,buildTime,2.822891993,cpuLoad:,0.02%,ramLoad:,58.59%,
2022/10/07,19:50:04,buildTime,2.998228723,cpuLoad:,0.04%,ramLoad:,58.59%,
2022/10/07,19:55:04,buildTime,3.040271805,cpuLoad:,0.00%,ramLoad:,58.59%,
2022/10/07,20:00:08,buildTime,7.519825331,cpuLoad:,0.07%,ramLoad:,58.90%,
2022/10/07,20:05:05,buildTime,3.441249271,cpuLoad:,0.12%,ramLoad:,61.80%,
2022/10/07,20:10:04,buildTime,3.464456833,cpuLoad:,0.03%,ramLoad:,60.46%,
2022/10/07,20:15:04,buildTime,2.938679129,cpuLoad:,0.01%,ramLoad:,60.25%,
2022/10/07,20:20:04,buildTime,2.962841381,cpuLoad:,0.00%,ramLoad:,60.66%,
2022/10/07,20:25:04,buildTime,2.899169768,cpuLoad:,0.05%,ramLoad:,61.80%,
2022/10/07,20:30:04,buildTime,3.646694703,cpuLoad:,0.00%,ramLoad:,61.70%,
2022/10/07,20:35:04,buildTime,3.181788247,cpuLoad:,0.03%,ramLoad:,62.42%,
2022/10/07,20:40:04,buildTime,3.014425451,cpuLoad:,0.00%,ramLoad:,60.97%,
2022/10/07,20:45:04,buildTime,2.980215250,cpuLoad:,0.14%,ramLoad:,60.04%,
2022/10/07,20:50:04,buildTime,2.954757356,cpuLoad:,0.00%,ramLoad:,61.39%,
2022/10/07,20:55:04,buildTime,2.917191530,cpuLoad:,0.08%,ramLoad:,60.87%,
2022/10/07,21:00:07,buildTime,5.377903599,cpuLoad:,0.00%,ramLoad:,60.87%,
2022/10/07,21:05:04,buildTime,2.868984953,cpuLoad:,0.06%,ramLoad:,61.59%,
2022/10/07,21:10:04,buildTime,2.915105248,cpuLoad:,0.03%,ramLoad:,61.80%,
2022/10/07,21:15:04,buildTime,2.837673372,cpuLoad:,0.25%,ramLoad:,60.46%,
2022/10/07,21:20:04,buildTime,2.864745613,cpuLoad:,0.00%,ramLoad:,60.46%,
2022/10/07,21:25:03,buildTime,2.905570449,cpuLoad:,0.00%,ramLoad:,60.14%,
2022/10/07,21:30:04,buildTime,3.623737195,cpuLoad:,0.00%,ramLoad:,60.25%,
2022/10/07,21:35:04,buildTime,2.939193755,cpuLoad:,0.09%,ramLoad:,59.63%,
2022/10/07,21:40:04,buildTime,2.949705965,cpuLoad:,0.00%,ramLoad:,59.63%,
2022/10/07,21:45:04,buildTime,2.893347796,cpuLoad:,0.07%,ramLoad:,59.32%,
2022/10/07,21:50:04,buildTime,2.938341657,cpuLoad:,0.01%,ramLoad:,59.42%,
2022/10/07,21:55:06,buildTime,4.625070264,cpuLoad:,0.09%,ramLoad:,59.01%,
2022/10/07,22:00:06,buildTime,4.680585659,cpuLoad:,0.01%,ramLoad:,59.21%,
2022/10/07,22:05:04,buildTime,2.833256034,cpuLoad:,0.00%,ramLoad:,59.73%,
2022/10/07,22:10:04,buildTime,3.013911142,cpuLoad:,0.01%,ramLoad:,59.83%,
2022/10/07,22:15:04,buildTime,2.867767686,cpuLoad:,0.00%,ramLoad:,59.11%,
2022/10/07,22:20:04,buildTime,2.888443165,cpuLoad:,0.02%,ramLoad:,59.21%,
2022/10/07,22:25:04,buildTime,2.863391286,cpuLoad:,0.00%,ramLoad:,58.70%,
2022/10/07,22:30:05,buildTime,3.285442079,cpuLoad:,0.01%,ramLoad:,58.49%,
2022/10/07,22:35:04,buildTime,2.855790144,cpuLoad:,0.00%,ramLoad:,58.18%,
2022/10/07,22:40:04,buildTime,2.971943925,cpuLoad:,0.04%,ramLoad:,58.07%,
2022/10/07,22:45:03,buildTime,2.858572509,cpuLoad:,0.00%,ramLoad:,58.07%,
2022/10/07,22:50:04,buildTime,2.919337741,cpuLoad:,0.15%,ramLoad:,57.97%,
2022/10/07,22:55:04,buildTime,2.882520226,cpuLoad:,0.05%,ramLoad:,58.28%,
2022/10/07,23:00:06,buildTime,4.987926175,cpuLoad:,0.20%,ramLoad:,58.49%,
2022/10/07,23:05:04,buildTime,2.906660755,cpuLoad:,0.00%,ramLoad:,58.39%,
2022/10/07,23:10:04,buildTime,3.097462132,cpuLoad:,0.07%,ramLoad:,58.49%,
2022/10/07,23:15:04,buildTime,2.844484785,cpuLoad:,0.03%,ramLoad:,58.07%,
2022/10/07,23:20:04,buildTime,2.942775057,cpuLoad:,0.29%,ramLoad:,57.66%,
2022/10/07,23:25:04,buildTime,2.853261773,cpuLoad:,0.00%,ramLoad:,57.66%,
2022/10/07,23:30:05,buildTime,3.379348545,cpuLoad:,0.00%,ramLoad:,57.66%,
2022/10/07,23:35:04,buildTime,2.884191902,cpuLoad:,0.00%,ramLoad:,57.45%,
2022/10/07,23:40:04,buildTime,2.843684975,cpuLoad:,0.20%,ramLoad:,57.45%,
2022/10/07,23:45:04,buildTime,2.882290843,cpuLoad:,0.00%,ramLoad:,57.66%,
2022/10/07,23:50:04,buildTime,2.936474485,cpuLoad:,0.00%,ramLoad:,57.45%,
2022/10/07,23:55:04,buildTime,3.767489047,cpuLoad:,0.00%,ramLoad:,59.01%,
2022/10/08,00:00:09,buildTime,7.571775619,cpuLoad:,0.10%,ramLoad:,56.21%,
2022/10/08,00:05:05,buildTime,3.374950746,cpuLoad:,0.11%,ramLoad:,61.08%,
2022/10/08,00:10:05,buildTime,2.970563728,cpuLoad:,0.05%,ramLoad:,60.14%,
2022/10/08,00:15:04,buildTime,3.037917781,cpuLoad:,0.00%,ramLoad:,60.04%,
2022/10/08,00:20:04,buildTime,2.951076037,cpuLoad:,0.02%,ramLoad:,60.97%,
2022/10/08,00:25:04,buildTime,2.921953027,cpuLoad:,0.08%,ramLoad:,61.18%,
2022/10/08,00:30:04,buildTime,3.432171409,cpuLoad:,0.14%,ramLoad:,61.70%,
2022/10/08,00:35:04,buildTime,2.848005677,cpuLoad:,0.00%,ramLoad:,61.59%,
2022/10/08,00:40:04,buildTime,2.942646565,cpuLoad:,0.00%,ramLoad:,61.08%,
2022/10/08,00:45:04,buildTime,2.907818000,cpuLoad:,0.04%,ramLoad:,60.97%,
2022/10/08,00:50:04,buildTime,2.952872306,cpuLoad:,0.22%,ramLoad:,60.66%,
2022/10/08,00:55:04,buildTime,2.911353890,cpuLoad:,0.00%,ramLoad:,61.39%,
2022/10/08,01:00:06,buildTime,4.399729795,cpuLoad:,0.24%,ramLoad:,60.77%,
2022/10/08,01:05:04,buildTime,2.887324690,cpuLoad:,0.06%,ramLoad:,61.28%,
2022/10/08,01:10:04,buildTime,2.889091476,cpuLoad:,0.04%,ramLoad:,60.56%,
2022/10/08,01:15:04,buildTime,2.834989476,cpuLoad:,0.04%,ramLoad:,60.14%,
2022/10/08,01:20:04,buildTime,2.938101882,cpuLoad:,0.00%,ramLoad:,59.73%,
2022/10/08,01:25:04,buildTime,2.909619362,cpuLoad:,0.15%,ramLoad:,60.87%,
2022/10/08,01:30:04,buildTime,3.758733684,cpuLoad:,0.01%,ramLoad:,61.90%,
2022/10/08,01:35:04,buildTime,2.946631411,cpuLoad:,0.01%,ramLoad:,61.39%,
2022/10/08,01:40:04,buildTime,2.832001239,cpuLoad:,0.00%,ramLoad:,61.28%,
2022/10/08,01:45:04,buildTime,2.871932990,cpuLoad:,0.00%,ramLoad:,59.52%,
2022/10/08,01:50:04,buildTime,2.999991309,cpuLoad:,0.00%,ramLoad:,59.63%,
2022/10/08,01:55:04,buildTime,2.922281206,cpuLoad:,0.02%,ramLoad:,59.83%,
2022/10/08,02:00:06,buildTime,4.380955799,cpuLoad:,0.00%,ramLoad:,60.04%,
2022/10/08,02:05:04,buildTime,2.820549181,cpuLoad:,0.00%,ramLoad:,60.04%,
2022/10/08,02:10:04,buildTime,2.967196304,cpuLoad:,0.00%,ramLoad:,60.04%,
2022/10/08,02:15:04,buildTime,2.839602322,cpuLoad:,0.07%,ramLoad:,60.04%,
2022/10/08,02:20:04,buildTime,2.912857518,cpuLoad:,0.00%,ramLoad:,60.04%,
2022/10/08,02:25:04,buildTime,2.852855410,cpuLoad:,0.00%,ramLoad:,60.14%,
2022/10/08,02:30:05,buildTime,3.091873780,cpuLoad:,0.01%,ramLoad:,60.14%,
2022/10/08,02:35:04,buildTime,2.948335876,cpuLoad:,0.22%,ramLoad:,60.35%,
2022/10/08,02:40:04,buildTime,2.902241120,cpuLoad:,0.00%,ramLoad:,60.35%,
2022/10/08,02:45:04,buildTime,2.906745344,cpuLoad:,0.00%,ramLoad:,60.35%,
2022/10/08,02:50:04,buildTime,2.931758292,cpuLoad:,0.03%,ramLoad:,60.46%,
2022/10/08,02:55:04,buildTime,3.107094949,cpuLoad:,0.17%,ramLoad:,60.25%,
2022/10/08,03:00:05,buildTime,4.429212063,cpuLoad:,0.01%,ramLoad:,60.35%,
2022/10/08,03:05:04,buildTime,2.893074585,cpuLoad:,0.01%,ramLoad:,60.04%,
2022/10/08,03:10:04,buildTime,3.050369552,cpuLoad:,0.04%,ramLoad:,60.25%,
2022/10/08,03:15:04,buildTime,2.825087251,cpuLoad:,0.05%,ramLoad:,62.63%,
2022/10/08,03:20:04,buildTime,2.903048070,cpuLoad:,0.00%,ramLoad:,60.25%,
2022/10/08,03:25:04,buildTime,2.824985224,cpuLoad:,0.00%,ramLoad:,60.35%,
2022/10/08,03:30:05,buildTime,3.255735870,cpuLoad:,0.18%,ramLoad:,61.18%,
2022/10/08,03:35:04,buildTime,2.831937863,cpuLoad:,0.06%,ramLoad:,60.97%,
2022/10/08,03:40:04,buildTime,2.846624272,cpuLoad:,0.14%,ramLoad:,60.97%,
2022/10/08,03:45:04,buildTime,2.818943235,cpuLoad:,0.00%,ramLoad:,60.97%,
2022/10/08,03:50:04,buildTime,2.895475579,cpuLoad:,0.00%,ramLoad:,60.77%,
2022/10/08,03:55:04,buildTime,2.869424142,cpuLoad:,0.08%,ramLoad:,61.08%,
2022/10/08,04:00:08,buildTime,6.845425771,cpuLoad:,0.12%,ramLoad:,61.49%,
2022/10/08,04:05:04,buildTime,3.535314399,cpuLoad:,0.08%,ramLoad:,63.15%,
2022/10/08,04:10:04,buildTime,3.023036768,cpuLoad:,0.08%,ramLoad:,60.97%,
2022/10/08,04:15:04,buildTime,3.038443315,cpuLoad:,0.01%,ramLoad:,60.87%,
2022/10/08,04:20:04,buildTime,2.853267462,cpuLoad:,0.00%,ramLoad:,61.59%,
2022/10/08,04:25:04,buildTime,2.880809584,cpuLoad:,0.11%,ramLoad:,61.18%,
2022/10/08,04:30:04,buildTime,3.244297985,cpuLoad:,0.00%,ramLoad:,60.87%,
2022/10/08,04:35:04,buildTime,2.834573497,cpuLoad:,0.04%,ramLoad:,60.97%,
2022/10/08,04:40:04,buildTime,2.922526111,cpuLoad:,0.03%,ramLoad:,63.15%,
2022/10/08,04:45:04,buildTime,2.823149444,cpuLoad:,0.07%,ramLoad:,60.66%,
2022/10/08,04:50:04,buildTime,2.864030755,cpuLoad:,0.00%,ramLoad:,60.66%,
2022/10/08,04:55:03,buildTime,2.882273766,cpuLoad:,0.11%,ramLoad:,61.80%,
2022/10/08,05:00:05,buildTime,4.104859668,cpuLoad:,0.00%,ramLoad:,61.90%,
2022/10/08,05:05:04,buildTime,2.912685163,cpuLoad:,0.00%,ramLoad:,62.63%,
2022/10/08,05:10:04,buildTime,3.189094390,cpuLoad:,0.22%,ramLoad:,62.32%,
2022/10/08,05:15:04,buildTime,2.962126928,cpuLoad:,0.20%,ramLoad:,62.32%,
2022/10/08,05:20:04,buildTime,2.869129783,cpuLoad:,0.00%,ramLoad:,61.39%,
2022/10/08,05:25:04,buildTime,2.830442662,cpuLoad:,0.00%,ramLoad:,61.49%,
2022/10/08,05:30:05,buildTime,3.752996000,cpuLoad:,0.00%,ramLoad:,61.80%,
2022/10/08,05:35:04,buildTime,2.880940206,cpuLoad:,0.02%,ramLoad:,61.70%,
2022/10/08,05:40:04,buildTime,2.886666525,cpuLoad:,0.01%,ramLoad:,61.90%,
2022/10/08,05:45:04,buildTime,2.850132782,cpuLoad:,0.00%,ramLoad:,61.90%,
2022/10/08,05:50:04,buildTime,2.883026551,cpuLoad:,0.06%,ramLoad:,61.28%,
2022/10/08,05:55:04,buildTime,2.895326534,cpuLoad:,0.04%,ramLoad:,61.49%,
2022/10/08,06:00:06,buildTime,4.449321460,cpuLoad:,0.01%,ramLoad:,61.49%,
2022/10/08,06:05:04,buildTime,2.845169906,cpuLoad:,0.00%,ramLoad:,61.59%,
2022/10/08,06:10:04,buildTime,2.991161631,cpuLoad:,0.02%,ramLoad:,61.80%,
2022/10/08,06:15:03,buildTime,2.866846774,cpuLoad:,0.02%,ramLoad:,61.49%,
2022/10/08,06:20:04,buildTime,2.938379466,cpuLoad:,0.02%,ramLoad:,61.70%,
2022/10/08,06:25:04,buildTime,3.112440148,cpuLoad:,0.00%,ramLoad:,61.70%,
2022/10/08,06:30:05,buildTime,4.317625912,cpuLoad:,1.48%,ramLoad:,60.66%,
2022/10/08,06:35:04,buildTime,3.005434399,cpuLoad:,0.21%,ramLoad:,63.04%,
2022/10/08,06:40:04,buildTime,2.971385263,cpuLoad:,0.05%,ramLoad:,61.80%,
2022/10/08,06:45:04,buildTime,2.988383986,cpuLoad:,0.00%,ramLoad:,62.63%,
2022/10/08,06:50:04,buildTime,3.036625541,cpuLoad:,0.26%,ramLoad:,62.42%,
2022/10/08,06:55:04,buildTime,3.019507259,cpuLoad:,0.56%,ramLoad:,61.90%,
2022/10/08,07:00:06,buildTime,4.682132554,cpuLoad:,0.00%,ramLoad:,62.11%,
2022/10/08,07:05:04,buildTime,2.948900286,cpuLoad:,0.00%,ramLoad:,62.01%,
2022/10/08,07:10:04,buildTime,3.056210142,cpuLoad:,0.13%,ramLoad:,61.90%,
2022/10/08,07:15:04,buildTime,2.931980681,cpuLoad:,0.00%,ramLoad:,60.87%,
2022/10/08,07:20:04,buildTime,2.896578206,cpuLoad:,0.00%,ramLoad:,60.97%,
2022/10/08,07:25:04,buildTime,2.884233805,cpuLoad:,0.00%,ramLoad:,61.28%,
2022/10/08,07:30:05,buildTime,3.249364922,cpuLoad:,0.09%,ramLoad:,61.28%,
2022/10/08,07:35:04,buildTime,2.912884263,cpuLoad:,0.00%,ramLoad:,61.28%,
2022/10/08,07:40:04,buildTime,2.997196180,cpuLoad:,0.02%,ramLoad:,61.39%,
2022/10/08,07:45:04,buildTime,2.934957587,cpuLoad:,0.00%,ramLoad:,60.77%,
2022/10/08,07:50:04,buildTime,3.140410278,cpuLoad:,0.00%,ramLoad:,63.35%,
2022/10/08,07:55:04,buildTime,3.015520828,cpuLoad:,0.01%,ramLoad:,59.73%,
2022/10/08,08:00:08,buildTime,6.977280785,cpuLoad:,0.06%,ramLoad:,60.14%,
2022/10/08,08:05:03,buildTime,1.793575146,cpuLoad:,0.04%,ramLoad:,64.49%,
2022/10/08,08:10:04,buildTime,3.521744047,cpuLoad:,0.02%,ramLoad:,60.97%,
2022/10/08,08:15:04,buildTime,3.216841146,cpuLoad:,0.09%,ramLoad:,63.35%,
2022/10/08,08:20:04,buildTime,2.939754271,cpuLoad:,0.00%,ramLoad:,62.73%,
2022/10/08,08:25:04,buildTime,2.940705590,cpuLoad:,0.00%,ramLoad:,61.18%,
2022/10/08,08:30:05,buildTime,3.687245898,cpuLoad:,0.05%,ramLoad:,60.77%,
2022/10/08,08:35:04,buildTime,2.890189625,cpuLoad:,0.00%,ramLoad:,60.97%,
2022/10/08,08:40:04,buildTime,2.909711436,cpuLoad:,0.01%,ramLoad:,62.01%,
2022/10/08,08:45:04,buildTime,2.842786628,cpuLoad:,0.00%,ramLoad:,61.28%,
2022/10/08,08:50:04,buildTime,2.950885787,cpuLoad:,0.15%,ramLoad:,61.39%,
2022/10/08,08:55:04,buildTime,2.933187286,cpuLoad:,0.06%,ramLoad:,63.25%,
2022/10/08,09:00:06,buildTime,4.496621544,cpuLoad:,0.07%,ramLoad:,62.01%,
2022/10/08,09:05:04,buildTime,2.905196072,cpuLoad:,0.00%,ramLoad:,63.04%,
2022/10/08,09:10:04,buildTime,2.988198791,cpuLoad:,0.23%,ramLoad:,62.63%,
2022/10/08,09:15:04,buildTime,2.827066748,cpuLoad:,0.03%,ramLoad:,61.80%,
2022/10/08,09:20:04,buildTime,2.804285961,cpuLoad:,0.09%,ramLoad:,61.80%,
2022/10/08,09:25:03,buildTime,2.882169902,cpuLoad:,0.00%,ramLoad:,61.90%,
2022/10/08,09:30:05,buildTime,3.987513074,cpuLoad:,0.13%,ramLoad:,62.01%,
2022/10/08,09:35:04,buildTime,2.876875768,cpuLoad:,0.06%,ramLoad:,61.80%,
2022/10/08,09:40:04,buildTime,2.946222987,cpuLoad:,0.13%,ramLoad:,61.90%,
2022/10/08,09:45:04,buildTime,2.866439574,cpuLoad:,0.04%,ramLoad:,61.90%,
2022/10/08,09:50:04,buildTime,2.883553458,cpuLoad:,0.00%,ramLoad:,62.01%,
2022/10/08,09:55:06,buildTime,4.658871859,cpuLoad:,0.01%,ramLoad:,62.01%,
2022/10/08,10:00:05,buildTime,4.001148038,cpuLoad:,0.31%,ramLoad:,61.90%,
2022/10/08,10:05:04,buildTime,2.775538921,cpuLoad:,0.00%,ramLoad:,62.01%,
2022/10/08,10:10:04,buildTime,3.015489388,cpuLoad:,0.00%,ramLoad:,62.01%,
2022/10/08,10:15:04,buildTime,2.864906878,cpuLoad:,0.04%,ramLoad:,62.01%,
2022/10/08,10:20:04,buildTime,2.877001729,cpuLoad:,0.07%,ramLoad:,62.42%,
2022/10/08,10:25:04,buildTime,2.848104802,cpuLoad:,0.00%,ramLoad:,62.11%,
2022/10/08,10:30:05,buildTime,3.240312548,cpuLoad:,0.00%,ramLoad:,62.11%,
2022/10/08,10:35:04,buildTime,2.806067384,cpuLoad:,0.09%,ramLoad:,61.39%,
2022/10/08,10:40:04,buildTime,3.050172535,cpuLoad:,0.00%,ramLoad:,61.70%,
2022/10/08,10:45:04,buildTime,2.835354541,cpuLoad:,0.01%,ramLoad:,66.05%,
2022/10/08,10:50:04,buildTime,2.917758713,cpuLoad:,0.03%,ramLoad:,61.80%,
2022/10/08,10:55:04,buildTime,2.861465263,cpuLoad:,0.22%,ramLoad:,61.39%,
2022/10/08,11:00:05,buildTime,4.143167575,cpuLoad:,0.00%,ramLoad:,61.49%,
2022/10/08,11:05:04,buildTime,2.880039154,cpuLoad:,0.05%,ramLoad:,61.39%,
2022/10/08,11:10:04,buildTime,3.143246638,cpuLoad:,0.00%,ramLoad:,61.39%,
2022/10/08,11:15:04,buildTime,2.933231356,cpuLoad:,0.12%,ramLoad:,61.08%,
2022/10/08,11:20:04,buildTime,3.003037276,cpuLoad:,0.03%,ramLoad:,60.97%,
2022/10/08,11:25:04,buildTime,2.951236053,cpuLoad:,0.06%,ramLoad:,61.08%,
2022/10/08,11:30:04,buildTime,3.255331801,cpuLoad:,0.16%,ramLoad:,61.18%,
2022/10/08,11:35:04,buildTime,2.835921367,cpuLoad:,0.00%,ramLoad:,61.08%,
2022/10/08,11:40:04,buildTime,2.831836811,cpuLoad:,0.00%,ramLoad:,61.18%,
2022/10/08,11:45:04,buildTime,2.873170812,cpuLoad:,0.13%,ramLoad:,61.18%,
2022/10/08,11:50:04,buildTime,2.876102231,cpuLoad:,0.01%,ramLoad:,60.77%,
2022/10/08,11:55:04,buildTime,2.873292950,cpuLoad:,0.00%,ramLoad:,60.87%,
2022/10/08,12:00:09,buildTime,8.661407824,cpuLoad:,0.00%,ramLoad:,61.28%,
2022/10/08,12:05:03,buildTime,1.793507053,cpuLoad:,0.08%,ramLoad:,63.35%,
2022/10/08,12:10:04,buildTime,3.539259113,cpuLoad:,0.03%,ramLoad:,60.04%,
2022/10/08,12:15:04,buildTime,2.945520399,cpuLoad:,0.00%,ramLoad:,61.39%,
2022/10/08,12:20:04,buildTime,3.068804071,cpuLoad:,0.02%,ramLoad:,62.32%,
2022/10/08,12:25:04,buildTime,2.999197574,cpuLoad:,0.01%,ramLoad:,60.97%,
2022/10/08,12:30:05,buildTime,3.783156908,cpuLoad:,0.07%,ramLoad:,60.66%,
2022/10/08,12:35:04,buildTime,2.867969494,cpuLoad:,0.01%,ramLoad:,60.25%,
2022/10/08,12:40:04,buildTime,2.868745895,cpuLoad:,0.00%,ramLoad:,61.28%,
2022/10/08,12:45:04,buildTime,2.881956694,cpuLoad:,0.03%,ramLoad:,60.87%,
2022/10/08,12:50:04,buildTime,2.916341116,cpuLoad:,0.04%,ramLoad:,60.46%,
2022/10/08,12:55:04,buildTime,2.978258208,cpuLoad:,0.11%,ramLoad:,61.59%,
2022/10/08,13:00:06,buildTime,4.314796172,cpuLoad:,0.00%,ramLoad:,62.32%,
2022/10/08,13:05:04,buildTime,2.838624145,cpuLoad:,0.02%,ramLoad:,62.01%,
2022/10/08,13:10:04,buildTime,2.938746287,cpuLoad:,0.00%,ramLoad:,62.22%,
2022/10/08,13:15:04,buildTime,2.823474651,cpuLoad:,0.10%,ramLoad:,61.59%,
2022/10/08,13:20:04,buildTime,2.828797240,cpuLoad:,0.08%,ramLoad:,61.28%,
2022/10/08,13:25:04,buildTime,2.957388145,cpuLoad:,0.09%,ramLoad:,61.70%,
2022/10/08,13:30:04,buildTime,3.592047105,cpuLoad:,0.00%,ramLoad:,61.80%,
2022/10/08,13:35:04,buildTime,2.880351666,cpuLoad:,0.18%,ramLoad:,61.70%,
2022/10/08,13:40:04,buildTime,2.946428810,cpuLoad:,0.00%,ramLoad:,61.39%,
2022/10/08,13:45:04,buildTime,2.935122393,cpuLoad:,0.07%,ramLoad:,62.11%,
2022/10/08,13:50:04,buildTime,2.939494998,cpuLoad:,0.00%,ramLoad:,61.80%,
2022/10/08,13:55:04,buildTime,2.886544849,cpuLoad:,0.04%,ramLoad:,61.49%,
2022/10/08,14:00:06,buildTime,4.525503253,cpuLoad:,0.00%,ramLoad:,61.59%,
2022/10/08,14:05:04,buildTime,2.832187530,cpuLoad:,0.00%,ramLoad:,61.90%,
2022/10/08,14:10:04,buildTime,2.946576372,cpuLoad:,0.00%,ramLoad:,62.01%,
2022/10/08,14:15:04,buildTime,2.877995540,cpuLoad:,0.04%,ramLoad:,62.01%,
2022/10/08,14:20:04,buildTime,2.832881201,cpuLoad:,0.01%,ramLoad:,61.49%,
2022/10/08,14:25:04,buildTime,2.861795730,cpuLoad:,0.00%,ramLoad:,61.59%,
2022/10/08,14:30:05,buildTime,3.063066334,cpuLoad:,0.01%,ramLoad:,60.97%,
2022/10/08,14:35:04,buildTime,2.889364138,cpuLoad:,0.12%,ramLoad:,60.97%,
2022/10/08,14:40:04,buildTime,2.910401282,cpuLoad:,0.01%,ramLoad:,60.97%,
2022/10/08,14:45:04,buildTime,2.855495603,cpuLoad:,0.00%,ramLoad:,61.08%,
2022/10/08,14:50:04,buildTime,3.008696905,cpuLoad:,0.05%,ramLoad:,61.08%,
2022/10/08,14:55:04,buildTime,2.911474807,cpuLoad:,0.06%,ramLoad:,61.18%,
2022/10/08,15:00:06,buildTime,4.638567907,cpuLoad:,0.03%,ramLoad:,61.28%,
2022/10/08,15:05:04,buildTime,2.893796891,cpuLoad:,0.00%,ramLoad:,61.08%,
2022/10/08,15:10:04,buildTime,2.946704659,cpuLoad:,0.04%,ramLoad:,61.18%,
2022/10/08,15:15:04,buildTime,2.919350957,cpuLoad:,0.00%,ramLoad:,61.08%,
2022/10/08,15:20:04,buildTime,2.880908993,cpuLoad:,0.10%,ramLoad:,61.08%,
2022/10/08,15:25:04,buildTime,2.843452480,cpuLoad:,0.00%,ramLoad:,61.18%,
2022/10/08,15:30:05,buildTime,3.313691224,cpuLoad:,0.71%,ramLoad:,61.49%,
2022/10/08,15:35:04,buildTime,2.838972468,cpuLoad:,0.01%,ramLoad:,61.28%,
2022/10/08,15:40:03,buildTime,2.903236876,cpuLoad:,0.24%,ramLoad:,61.28%,
2022/10/08,15:45:04,buildTime,2.899211514,cpuLoad:,0.03%,ramLoad:,61.39%,
2022/10/08,15:50:04,buildTime,2.927955584,cpuLoad:,0.00%,ramLoad:,61.39%,
2022/10/08,15:55:04,buildTime,2.932374215,cpuLoad:,0.14%,ramLoad:,61.59%,
2022/10/08,16:00:08,buildTime,7.147041667,cpuLoad:,0.01%,ramLoad:,61.39%,
2022/10/08,16:05:04,buildTime,3.316152121,cpuLoad:,0.08%,ramLoad:,63.04%,
2022/10/08,16:10:04,buildTime,2.915316300,cpuLoad:,0.04%,ramLoad:,61.28%,
2022/10/08,16:15:04,buildTime,2.893324819,cpuLoad:,0.00%,ramLoad:,61.80%,
2022/10/08,16:20:04,buildTime,2.842041442,cpuLoad:,0.00%,ramLoad:,61.90%,
2022/10/08,16:25:04,buildTime,2.840283183,cpuLoad:,0.02%,ramLoad:,60.97%,
2022/10/08,16:30:05,buildTime,3.089085568,cpuLoad:,0.11%,ramLoad:,60.56%,
2022/10/08,16:35:04,buildTime,2.971418284,cpuLoad:,0.00%,ramLoad:,60.66%,
2022/10/08,16:40:04,buildTime,2.888724528,cpuLoad:,0.02%,ramLoad:,61.39%,
2022/10/08,16:45:04,buildTime,2.851993925,cpuLoad:,0.02%,ramLoad:,60.77%,
2022/10/08,16:50:04,buildTime,3.019701007,cpuLoad:,0.09%,ramLoad:,60.87%,
2022/10/08,16:55:04,buildTime,2.997742036,cpuLoad:,0.00%,ramLoad:,61.70%,
2022/10/08,17:00:06,buildTime,4.702824981,cpuLoad:,0.00%,ramLoad:,60.46%,
2022/10/08,17:05:04,buildTime,2.937757590,cpuLoad:,0.10%,ramLoad:,61.18%,
2022/10/08,17:10:04,buildTime,2.997503112,cpuLoad:,0.10%,ramLoad:,60.97%,
2022/10/08,17:15:04,buildTime,2.923633626,cpuLoad:,0.02%,ramLoad:,60.87%,
2022/10/08,17:20:04,buildTime,2.885046821,cpuLoad:,0.00%,ramLoad:,60.87%,
2022/10/08,17:25:04,buildTime,2.868238516,cpuLoad:,0.22%,ramLoad:,60.56%,
2022/10/08,17:30:05,buildTime,3.175412246,cpuLoad:,0.18%,ramLoad:,60.87%,
2022/10/08,17:35:04,buildTime,2.813689175,cpuLoad:,0.01%,ramLoad:,60.56%,
2022/10/08,17:40:04,buildTime,2.945675603,cpuLoad:,0.00%,ramLoad:,59.94%,
2022/10/08,17:45:04,buildTime,2.904803721,cpuLoad:,0.08%,ramLoad:,60.25%,
2022/10/08,17:50:04,buildTime,2.905171202,cpuLoad:,0.03%,ramLoad:,60.25%,
2022/10/08,17:55:04,buildTime,2.966289139,cpuLoad:,0.03%,ramLoad:,60.25%,
2022/10/08,18:00:05,buildTime,4.498978222,cpuLoad:,0.04%,ramLoad:,60.35%,
2022/10/08,18:05:04,buildTime,2.866365520,cpuLoad:,0.00%,ramLoad:,60.77%,
2022/10/08,18:10:04,buildTime,2.948104874,cpuLoad:,0.00%,ramLoad:,60.35%,
2022/10/08,18:15:04,buildTime,2.837738680,cpuLoad:,0.05%,ramLoad:,60.14%,
2022/10/08,18:20:04,buildTime,2.842361769,cpuLoad:,0.00%,ramLoad:,60.04%,
2022/10/08,18:25:04,buildTime,2.882836007,cpuLoad:,0.00%,ramLoad:,60.14%,
2022/10/08,18:30:05,buildTime,3.334045996,cpuLoad:,0.01%,ramLoad:,59.94%,
2022/10/08,18:35:04,buildTime,2.849068661,cpuLoad:,0.10%,ramLoad:,59.94%,
2022/10/08,18:40:04,buildTime,2.857147184,cpuLoad:,0.01%,ramLoad:,59.83%,
2022/10/08,18:45:04,buildTime,2.872511316,cpuLoad:,0.00%,ramLoad:,59.73%,
2022/10/08,18:50:04,buildTime,2.865233670,cpuLoad:,0.02%,ramLoad:,59.83%,
2022/10/08,18:55:04,buildTime,2.885486628,cpuLoad:,0.11%,ramLoad:,60.04%,
2022/10/08,19:00:05,buildTime,4.660610374,cpuLoad:,0.00%,ramLoad:,60.25%,
2022/10/08,19:05:04,buildTime,2.875187285,cpuLoad:,0.09%,ramLoad:,60.04%,
2022/10/08,19:10:04,buildTime,3.121942147,cpuLoad:,0.09%,ramLoad:,59.94%,
2022/10/08,19:15:04,buildTime,2.849387325,cpuLoad:,0.11%,ramLoad:,59.52%,
2022/10/08,19:20:04,buildTime,2.880249921,cpuLoad:,0.00%,ramLoad:,59.42%,
2022/10/08,19:25:04,buildTime,2.904827227,cpuLoad:,0.00%,ramLoad:,59.63%,
2022/10/08,19:30:04,buildTime,3.423616991,cpuLoad:,0.18%,ramLoad:,59.94%,
2022/10/08,19:35:04,buildTime,2.924039084,cpuLoad:,0.22%,ramLoad:,59.73%,
2022/10/08,19:40:04,buildTime,2.974024326,cpuLoad:,0.13%,ramLoad:,59.63%,
2022/10/08,19:45:04,buildTime,2.865095662,cpuLoad:,0.00%,ramLoad:,60.25%,
2022/10/08,19:50:04,buildTime,2.992844173,cpuLoad:,0.00%,ramLoad:,60.14%,
2022/10/08,19:55:04,buildTime,2.889117044,cpuLoad:,0.00%,ramLoad:,60.35%,
2022/10/08,20:00:08,buildTime,6.638975172,cpuLoad:,0.02%,ramLoad:,60.66%,
2022/10/08,20:05:05,buildTime,3.402609978,cpuLoad:,0.10%,ramLoad:,63.35%,
2022/10/08,20:10:04,buildTime,2.916946807,cpuLoad:,0.01%,ramLoad:,61.39%,
2022/10/08,20:15:04,buildTime,2.925737060,cpuLoad:,0.00%,ramLoad:,62.22%,
2022/10/08,20:20:04,buildTime,2.843945494,cpuLoad:,0.01%,ramLoad:,61.59%,
2022/10/08,20:25:04,buildTime,2.806759376,cpuLoad:,0.00%,ramLoad:,60.97%,
2022/10/08,20:30:04,buildTime,3.721363995,cpuLoad:,0.02%,ramLoad:,61.18%,
2022/10/08,20:35:04,buildTime,2.950808898,cpuLoad:,0.00%,ramLoad:,60.46%,
2022/10/08,20:40:04,buildTime,2.963251188,cpuLoad:,0.01%,ramLoad:,61.70%,
2022/10/08,20:45:04,buildTime,2.943817766,cpuLoad:,0.00%,ramLoad:,61.08%,
2022/10/08,20:50:04,buildTime,2.916059154,cpuLoad:,0.05%,ramLoad:,60.87%,
2022/10/08,20:55:04,buildTime,2.886590204,cpuLoad:,0.00%,ramLoad:,60.87%,
2022/10/08,21:00:05,buildTime,4.296065636,cpuLoad:,0.02%,ramLoad:,60.87%,
2022/10/08,21:05:04,buildTime,2.892314074,cpuLoad:,0.00%,ramLoad:,62.11%,
2022/10/08,21:10:04,buildTime,3.037829362,cpuLoad:,0.19%,ramLoad:,61.59%,
2022/10/08,21:15:04,buildTime,2.875002421,cpuLoad:,0.00%,ramLoad:,60.46%,
2022/10/08,21:20:04,buildTime,2.827295694,cpuLoad:,0.17%,ramLoad:,60.56%,
2022/10/08,21:25:04,buildTime,2.815872958,cpuLoad:,0.01%,ramLoad:,60.56%,
2022/10/08,21:30:05,buildTime,3.263377469,cpuLoad:,0.00%,ramLoad:,60.77%,
2022/10/08,21:35:04,buildTime,2.895997210,cpuLoad:,0.00%,ramLoad:,60.87%,
2022/10/08,21:40:03,buildTime,2.852448311,cpuLoad:,0.18%,ramLoad:,60.46%,
2022/10/08,21:45:04,buildTime,2.882275788,cpuLoad:,0.14%,ramLoad:,60.87%,
2022/10/08,21:50:04,buildTime,3.034159189,cpuLoad:,0.00%,ramLoad:,60.56%,
2022/10/08,21:55:05,buildTime,4.601398945,cpuLoad:,0.01%,ramLoad:,60.35%,
2022/10/08,22:00:05,buildTime,4.225033933,cpuLoad:,0.27%,ramLoad:,62.32%,
2022/10/08,22:05:04,buildTime,2.802044735,cpuLoad:,0.07%,ramLoad:,59.32%,
2022/10/08,22:10:04,buildTime,2.978774038,cpuLoad:,0.00%,ramLoad:,59.32%,
2022/10/08,22:15:04,buildTime,2.916004460,cpuLoad:,0.02%,ramLoad:,59.32%,
2022/10/08,22:20:04,buildTime,2.847743797,cpuLoad:,0.00%,ramLoad:,59.42%,
2022/10/08,22:25:04,buildTime,2.839880845,cpuLoad:,0.01%,ramLoad:,59.52%,
2022/10/08,22:30:05,buildTime,3.337112232,cpuLoad:,0.00%,ramLoad:,59.63%,
2022/10/08,22:35:04,buildTime,2.830423375,cpuLoad:,0.04%,ramLoad:,59.42%,
2022/10/08,22:40:04,buildTime,2.831350450,cpuLoad:,0.00%,ramLoad:,59.42%,
2022/10/08,22:45:03,buildTime,2.831560961,cpuLoad:,0.02%,ramLoad:,59.42%,
2022/10/08,22:50:04,buildTime,2.949215755,cpuLoad:,0.06%,ramLoad:,59.42%,
2022/10/08,22:55:04,buildTime,2.922856569,cpuLoad:,0.19%,ramLoad:,59.52%,
2022/10/08,23:00:06,buildTime,4.946024062,cpuLoad:,0.00%,ramLoad:,59.83%,
2022/10/08,23:05:04,buildTime,2.963936080,cpuLoad:,0.05%,ramLoad:,59.52%,
2022/10/08,23:10:04,buildTime,3.321982015,cpuLoad:,0.00%,ramLoad:,59.63%,
2022/10/08,23:15:04,buildTime,3.289364945,cpuLoad:,0.21%,ramLoad:,59.52%,
2022/10/08,23:20:04,buildTime,3.146401182,cpuLoad:,0.09%,ramLoad:,59.63%,
2022/10/08,23:25:04,buildTime,3.129951454,cpuLoad:,0.19%,ramLoad:,59.73%,
2022/10/08,23:30:05,buildTime,3.830222657,cpuLoad:,0.20%,ramLoad:,59.94%,
2022/10/08,23:35:05,buildTime,3.222557011,cpuLoad:,0.02%,ramLoad:,59.73%,
2022/10/08,23:40:05,buildTime,3.211186865,cpuLoad:,0.00%,ramLoad:,59.73%,
2022/10/08,23:45:05,buildTime,3.230298288,cpuLoad:,0.20%,ramLoad:,59.73%,
2022/10/08,23:50:05,buildTime,3.293173038,cpuLoad:,0.00%,ramLoad:,59.73%,
2022/10/08,23:55:05,buildTime,3.938672484,cpuLoad:,0.00%,ramLoad:,61.39%,
2022/10/09,00:00:10,buildTime,8.661127701,cpuLoad:,0.01%,ramLoad:,59.42%,
2022/10/09,00:05:05,buildTime,3.526929366,cpuLoad:,0.06%,ramLoad:,62.73%,
2022/10/09,00:10:05,buildTime,3.367283228,cpuLoad:,0.09%,ramLoad:,60.25%,
2022/10/09,00:15:04,buildTime,3.050929739,cpuLoad:,0.03%,ramLoad:,58.90%,
2022/10/09,00:20:05,buildTime,3.267017864,cpuLoad:,0.31%,ramLoad:,60.77%,
2022/10/09,00:25:05,buildTime,3.217068452,cpuLoad:,0.08%,ramLoad:,63.04%,
2022/10/09,00:30:05,buildTime,3.787566827,cpuLoad:,0.66%,ramLoad:,60.04%,
2022/10/09,00:35:05,buildTime,3.194404886,cpuLoad:,0.01%,ramLoad:,59.63%,
2022/10/09,00:40:04,buildTime,3.386233805,cpuLoad:,0.11%,ramLoad:,60.35%,
2022/10/09,00:45:04,buildTime,3.255326898,cpuLoad:,0.03%,ramLoad:,60.14%,
2022/10/09,00:50:04,buildTime,3.316051241,cpuLoad:,0.00%,ramLoad:,60.14%,
2022/10/09,00:55:04,buildTime,3.350878177,cpuLoad:,0.00%,ramLoad:,60.77%,
2022/10/09,01:00:06,buildTime,4.807552290,cpuLoad:,0.11%,ramLoad:,60.35%,
2022/10/09,01:05:04,buildTime,3.308538359,cpuLoad:,0.00%,ramLoad:,60.66%,
2022/10/09,01:10:04,buildTime,3.335333154,cpuLoad:,0.00%,ramLoad:,60.97%,
2022/10/09,01:15:04,buildTime,3.359600929,cpuLoad:,0.22%,ramLoad:,56.42%,
2022/10/09,01:20:05,buildTime,3.383239034,cpuLoad:,0.50%,ramLoad:,54.45%,
2022/10/09,01:25:05,buildTime,3.525429253,cpuLoad:,0.01%,ramLoad:,55.90%,
2022/10/09,01:30:05,buildTime,3.784008505,cpuLoad:,0.00%,ramLoad:,54.55%,
2022/10/09,01:35:05,buildTime,3.299093254,cpuLoad:,0.02%,ramLoad:,54.76%,
2022/10/09,01:40:04,buildTime,3.327555987,cpuLoad:,0.00%,ramLoad:,54.87%,
2022/10/09,01:45:04,buildTime,3.374406616,cpuLoad:,0.08%,ramLoad:,54.97%,
2022/10/09,01:50:04,buildTime,3.408455936,cpuLoad:,0.01%,ramLoad:,54.97%,
2022/10/09,01:55:04,buildTime,3.374097034,cpuLoad:,0.01%,ramLoad:,55.07%,
2022/10/09,02:00:06,buildTime,5.208161554,cpuLoad:,0.00%,ramLoad:,55.38%,
2022/10/09,02:05:04,buildTime,3.284480727,cpuLoad:,0.04%,ramLoad:,55.49%,
2022/10/09,02:10:05,buildTime,3.580924304,cpuLoad:,0.00%,ramLoad:,55.49%,
2022/10/09,02:15:04,buildTime,3.294299387,cpuLoad:,0.02%,ramLoad:,55.28%,
2022/10/09,02:20:04,buildTime,3.337951997,cpuLoad:,0.01%,ramLoad:,55.49%,
2022/10/09,02:25:04,buildTime,3.286853219,cpuLoad:,0.05%,ramLoad:,55.59%,
2022/10/09,02:30:05,buildTime,3.849486819,cpuLoad:,0.00%,ramLoad:,55.69%,
2022/10/09,02:35:05,buildTime,3.337315299,cpuLoad:,0.06%,ramLoad:,55.59%,
2022/10/09,02:40:05,buildTime,3.293086325,cpuLoad:,0.01%,ramLoad:,55.59%,
2022/10/09,02:45:05,buildTime,3.317476207,cpuLoad:,0.19%,ramLoad:,55.59%,
2022/10/09,02:50:05,buildTime,3.330339051,cpuLoad:,0.00%,ramLoad:,55.69%,
2022/10/09,02:55:05,buildTime,3.315550554,cpuLoad:,0.00%,ramLoad:,57.97%,
2022/10/09,03:00:06,buildTime,5.389005237,cpuLoad:,0.00%,ramLoad:,55.90%,
2022/10/09,03:05:04,buildTime,3.406270758,cpuLoad:,0.14%,ramLoad:,55.69%,
2022/10/09,03:10:05,buildTime,3.795864470,cpuLoad:,0.00%,ramLoad:,55.80%,
2022/10/09,03:15:04,buildTime,3.390145700,cpuLoad:,0.00%,ramLoad:,55.80%,
2022/10/09,03:20:04,buildTime,3.492392228,cpuLoad:,0.00%,ramLoad:,55.80%,
2022/10/09,03:25:04,buildTime,3.405976248,cpuLoad:,0.27%,ramLoad:,55.90%,
2022/10/09,03:30:05,buildTime,3.927519055,cpuLoad:,0.06%,ramLoad:,56.11%,
2022/10/09,03:35:05,buildTime,3.317998583,cpuLoad:,0.00%,ramLoad:,55.90%,
2022/10/09,03:40:05,buildTime,3.288919578,cpuLoad:,0.01%,ramLoad:,55.90%,
2022/10/09,03:45:05,buildTime,3.374866842,cpuLoad:,0.00%,ramLoad:,56.11%,
2022/10/09,03:50:05,buildTime,3.347888646,cpuLoad:,0.03%,ramLoad:,56.11%,
2022/10/09,03:55:05,buildTime,3.341206716,cpuLoad:,0.02%,ramLoad:,56.21%,
2022/10/09,04:00:09,buildTime,7.231252911,cpuLoad:,0.35%,ramLoad:,56.73%,
2022/10/09,04:05:03,buildTime,1.741869677,cpuLoad:,0.23%,ramLoad:,42.86%,
2022/10/09,04:10:05,buildTime,3.423129310,cpuLoad:,0.03%,ramLoad:,42.34%,
2022/10/09,04:15:05,buildTime,3.227137378,cpuLoad:,0.12%,ramLoad:,45.55%,
2022/10/09,04:20:05,buildTime,3.153440291,cpuLoad:,0.00%,ramLoad:,47.52%,
2022/10/09,04:25:05,buildTime,3.235633353,cpuLoad:,0.05%,ramLoad:,47.62%,
2022/10/09,04:30:05,buildTime,3.572594325,cpuLoad:,0.00%,ramLoad:,47.72%,
2022/10/09,04:35:04,buildTime,3.068129155,cpuLoad:,0.18%,ramLoad:,45.76%,
2022/10/09,04:40:04,buildTime,3.228092825,cpuLoad:,0.04%,ramLoad:,47.62%,
2022/10/09,04:45:04,buildTime,3.192212796,cpuLoad:,0.00%,ramLoad:,47.83%,
2022/10/09,04:50:04,buildTime,3.316236446,cpuLoad:,0.00%,ramLoad:,47.83%,
2022/10/09,04:55:04,buildTime,3.273774088,cpuLoad:,0.16%,ramLoad:,48.86%,
2022/10/09,05:00:06,buildTime,5.308321428,cpuLoad:,0.23%,ramLoad:,48.86%,
2022/10/09,05:05:04,buildTime,3.186964883,cpuLoad:,0.00%,ramLoad:,48.86%,
2022/10/09,05:10:04,buildTime,3.305864404,cpuLoad:,0.02%,ramLoad:,48.86%,
2022/10/09,05:15:04,buildTime,3.243274099,cpuLoad:,0.00%,ramLoad:,48.76%,
2022/10/09,05:20:04,buildTime,3.210935247,cpuLoad:,0.01%,ramLoad:,48.76%,
2022/10/09,05:25:05,buildTime,3.309162412,cpuLoad:,0.01%,ramLoad:,48.76%,
2022/10/09,05:30:05,buildTime,3.695776484,cpuLoad:,0.12%,ramLoad:,48.14%,
2022/10/09,05:35:05,buildTime,3.178676160,cpuLoad:,0.00%,ramLoad:,47.93%,
2022/10/09,05:40:05,buildTime,3.166407376,cpuLoad:,0.03%,ramLoad:,47.93%,
2022/10/09,05:45:05,buildTime,3.182251061,cpuLoad:,0.00%,ramLoad:,48.55%,
2022/10/09,05:50:04,buildTime,3.382699493,cpuLoad:,0.22%,ramLoad:,48.65%,
2022/10/09,05:55:04,buildTime,3.300362183,cpuLoad:,0.05%,ramLoad:,48.76%,
2022/10/09,06:00:06,buildTime,5.266122358,cpuLoad:,0.06%,ramLoad:,48.86%,
2022/10/09,06:05:04,buildTime,3.247276781,cpuLoad:,0.03%,ramLoad:,48.55%,
2022/10/09,06:10:04,buildTime,3.360755587,cpuLoad:,0.23%,ramLoad:,48.65%,
2022/10/09,06:15:04,buildTime,3.339736396,cpuLoad:,0.01%,ramLoad:,48.65%,
2022/10/09,06:20:04,buildTime,3.364429881,cpuLoad:,0.19%,ramLoad:,48.65%,
2022/10/09,06:25:04,buildTime,3.472050665,cpuLoad:,0.01%,ramLoad:,48.96%,
2022/10/09,06:30:05,buildTime,3.983809353,cpuLoad:,0.00%,ramLoad:,48.96%,
2022/10/09,06:35:04,buildTime,3.255591006,cpuLoad:,0.02%,ramLoad:,41.93%,
2022/10/09,06:40:04,buildTime,3.266689057,cpuLoad:,0.20%,ramLoad:,41.82%,
2022/10/09,06:45:04,buildTime,3.229579052,cpuLoad:,0.00%,ramLoad:,41.93%,
2022/10/09,06:50:05,buildTime,3.399709373,cpuLoad:,0.00%,ramLoad:,41.93%,
2022/10/09,06:55:04,buildTime,3.175270416,cpuLoad:,0.02%,ramLoad:,42.34%,
2022/10/09,07:00:07,buildTime,5.187105965,cpuLoad:,0.20%,ramLoad:,42.44%,
2022/10/09,07:05:05,buildTime,3.233809749,cpuLoad:,0.07%,ramLoad:,42.55%,
2022/10/09,07:10:05,buildTime,3.247502400,cpuLoad:,0.00%,ramLoad:,42.65%,
2022/10/09,07:15:04,buildTime,3.343380008,cpuLoad:,0.01%,ramLoad:,42.65%,
2022/10/09,07:20:04,buildTime,3.390284664,cpuLoad:,0.00%,ramLoad:,42.65%,
2022/10/09,07:25:04,buildTime,3.284299705,cpuLoad:,0.01%,ramLoad:,42.75%,
2022/10/09,07:30:05,buildTime,4.014865716,cpuLoad:,0.08%,ramLoad:,43.06%,
2022/10/09,07:35:04,buildTime,3.315737764,cpuLoad:,0.05%,ramLoad:,42.55%,
2022/10/09,07:40:04,buildTime,3.324977529,cpuLoad:,0.00%,ramLoad:,42.75%,
2022/10/09,07:45:04,buildTime,3.437877847,cpuLoad:,0.07%,ramLoad:,42.86%,
2022/10/09,07:50:05,buildTime,3.502922751,cpuLoad:,0.00%,ramLoad:,42.75%,
2022/10/09,07:55:04,buildTime,3.272882560,cpuLoad:,0.96%,ramLoad:,42.96%,
2022/10/09,08:00:08,buildTime,6.380769646,cpuLoad:,0.02%,ramLoad:,43.37%,
2022/10/09,08:05:04,buildTime,3.417402108,cpuLoad:,0.14%,ramLoad:,61.28%,
2022/10/09,08:10:04,buildTime,3.406519293,cpuLoad:,0.00%,ramLoad:,58.80%,
2022/10/09,08:15:04,buildTime,3.428208299,cpuLoad:,0.01%,ramLoad:,59.32%,
2022/10/09,08:20:04,buildTime,3.312976235,cpuLoad:,0.00%,ramLoad:,60.66%,
2022/10/09,08:25:04,buildTime,3.267472996,cpuLoad:,0.14%,ramLoad:,59.83%,
2022/10/09,08:30:05,buildTime,3.805663258,cpuLoad:,0.00%,ramLoad:,59.94%,
2022/10/09,08:35:04,buildTime,3.181528066,cpuLoad:,0.03%,ramLoad:,60.04%,
2022/10/09,08:40:05,buildTime,3.262356109,cpuLoad:,0.03%,ramLoad:,60.56%,
2022/10/09,08:45:05,buildTime,3.224925583,cpuLoad:,0.12%,ramLoad:,59.94%,
2022/10/09,08:50:05,buildTime,3.275421022,cpuLoad:,0.00%,ramLoad:,60.04%,
2022/10/09,08:55:05,buildTime,3.176454374,cpuLoad:,0.05%,ramLoad:,61.59%,
2022/10/09,09:00:07,buildTime,5.121545504,cpuLoad:,0.00%,ramLoad:,60.66%,
2022/10/09,09:05:04,buildTime,3.270184931,cpuLoad:,0.00%,ramLoad:,61.39%,
2022/10/09,09:10:04,buildTime,3.442456135,cpuLoad:,0.01%,ramLoad:,61.18%,
2022/10/09,09:15:04,buildTime,3.232613349,cpuLoad:,0.12%,ramLoad:,61.18%,
2022/10/09,09:20:04,buildTime,3.268980655,cpuLoad:,0.03%,ramLoad:,60.87%,
2022/10/09,09:25:04,buildTime,3.240378106,cpuLoad:,0.00%,ramLoad:,60.97%,
2022/10/09,09:30:05,buildTime,3.725150098,cpuLoad:,0.09%,ramLoad:,60.87%,
2022/10/09,09:35:04,buildTime,3.212915969,cpuLoad:,0.34%,ramLoad:,60.66%,
2022/10/09,09:40:04,buildTime,3.078617728,cpuLoad:,0.01%,ramLoad:,60.77%,
2022/10/09,09:45:05,buildTime,3.237827142,cpuLoad:,0.08%,ramLoad:,60.87%,
2022/10/09,09:50:05,buildTime,3.229908874,cpuLoad:,0.09%,ramLoad:,60.66%,
2022/10/09,09:55:06,buildTime,5.048680964,cpuLoad:,0.00%,ramLoad:,60.77%,
2022/10/09,10:00:06,buildTime,5.058585671,cpuLoad:,0.00%,ramLoad:,60.87%,
2022/10/09,10:05:04,buildTime,3.259155727,cpuLoad:,0.00%,ramLoad:,60.87%,
2022/10/09,10:10:04,buildTime,3.556992068,cpuLoad:,0.04%,ramLoad:,60.87%,
2022/10/09,10:15:04,buildTime,3.258746115,cpuLoad:,0.00%,ramLoad:,60.87%,
2022/10/09,10:20:04,buildTime,3.276441523,cpuLoad:,0.02%,ramLoad:,60.97%,
2022/10/09,10:25:04,buildTime,3.251844367,cpuLoad:,0.03%,ramLoad:,61.08%,
2022/10/09,10:30:05,buildTime,3.872695380,cpuLoad:,0.20%,ramLoad:,61.08%,
2022/10/09,10:35:04,buildTime,3.270694140,cpuLoad:,0.00%,ramLoad:,60.77%,
2022/10/09,10:40:04,buildTime,3.211643787,cpuLoad:,0.03%,ramLoad:,60.87%,
2022/10/09,10:45:04,buildTime,3.243785188,cpuLoad:,0.00%,ramLoad:,60.66%,
2022/10/09,10:50:05,buildTime,3.251964003,cpuLoad:,0.13%,ramLoad:,60.77%,
2022/10/09,10:55:04,buildTime,3.059828710,cpuLoad:,0.05%,ramLoad:,63.25%,
2022/10/09,11:00:06,buildTime,4.518991866,cpuLoad:,0.05%,ramLoad:,60.56%,
2022/10/09,11:05:04,buildTime,3.314346453,cpuLoad:,0.00%,ramLoad:,60.46%,
2022/10/09,11:10:04,buildTime,3.461163709,cpuLoad:,0.00%,ramLoad:,60.66%,
2022/10/09,11:15:04,buildTime,3.402039750,cpuLoad:,0.01%,ramLoad:,60.66%,
2022/10/09,11:20:04,buildTime,3.430585151,cpuLoad:,0.18%,ramLoad:,60.56%,
2022/10/09,11:25:04,buildTime,3.405819143,cpuLoad:,0.00%,ramLoad:,60.87%,
2022/10/09,11:30:05,buildTime,4.182483636,cpuLoad:,0.00%,ramLoad:,60.87%,
2022/10/09,11:35:04,buildTime,3.165461974,cpuLoad:,0.00%,ramLoad:,60.46%,
2022/10/09,11:40:04,buildTime,3.248492916,cpuLoad:,0.21%,ramLoad:,60.66%,
2022/10/09,11:45:04,buildTime,3.241914461,cpuLoad:,0.00%,ramLoad:,60.56%,
2022/10/09,11:50:04,buildTime,3.268560526,cpuLoad:,0.00%,ramLoad:,60.56%,
2022/10/09,11:55:05,buildTime,3.305706738,cpuLoad:,0.02%,ramLoad:,60.77%,
2022/10/09,12:00:08,buildTime,6.239157339,cpuLoad:,0.72%,ramLoad:,61.08%,
2022/10/09,12:05:05,buildTime,3.396323284,cpuLoad:,0.13%,ramLoad:,61.59%,
2022/10/09,12:10:05,buildTime,3.260817579,cpuLoad:,0.11%,ramLoad:,58.80%,
2022/10/09,12:15:05,buildTime,3.348629943,cpuLoad:,0.00%,ramLoad:,58.90%,
2022/10/09,12:20:04,buildTime,3.374449837,cpuLoad:,0.27%,ramLoad:,60.04%,
2022/10/09,12:25:04,buildTime,3.050920275,cpuLoad:,0.01%,ramLoad:,59.63%,
2022/10/09,12:30:05,buildTime,3.781073960,cpuLoad:,0.12%,ramLoad:,59.42%,
2022/10/09,12:35:04,buildTime,3.304112773,cpuLoad:,0.01%,ramLoad:,59.01%,
2022/10/09,12:40:04,buildTime,3.246929822,cpuLoad:,0.00%,ramLoad:,59.52%,
2022/10/09,12:45:04,buildTime,3.249307370,cpuLoad:,0.00%,ramLoad:,58.70%,
2022/10/09,12:50:04,buildTime,3.289651204,cpuLoad:,0.14%,ramLoad:,57.66%,
2022/10/09,12:55:04,buildTime,3.259937919,cpuLoad:,0.00%,ramLoad:,58.90%,
2022/10/09,13:00:06,buildTime,5.072233448,cpuLoad:,0.01%,ramLoad:,59.11%,
2022/10/09,13:05:05,buildTime,3.274713874,cpuLoad:,0.00%,ramLoad:,60.35%,
2022/10/09,13:10:05,buildTime,3.242146774,cpuLoad:,0.10%,ramLoad:,60.04%,
2022/10/09,13:15:05,buildTime,3.326823194,cpuLoad:,0.00%,ramLoad:,60.04%,
2022/10/09,13:20:05,buildTime,3.059116796,cpuLoad:,0.00%,ramLoad:,59.42%,
2022/10/09,13:25:04,buildTime,3.151126923,cpuLoad:,0.05%,ramLoad:,59.73%,
2022/10/09,13:30:05,buildTime,4.249045151,cpuLoad:,0.09%,ramLoad:,59.11%,
2022/10/09,13:35:04,buildTime,3.258608350,cpuLoad:,0.01%,ramLoad:,59.01%,
2022/10/09,13:40:04,buildTime,3.359698019,cpuLoad:,0.00%,ramLoad:,59.01%,
2022/10/09,13:45:04,buildTime,3.246078685,cpuLoad:,0.11%,ramLoad:,60.04%,
2022/10/09,13:50:04,buildTime,3.150008373,cpuLoad:,0.04%,ramLoad:,59.21%,
2022/10/09,13:55:04,buildTime,3.361904043,cpuLoad:,0.04%,ramLoad:,59.42%,
2022/10/09,14:00:06,buildTime,5.190631535,cpuLoad:,0.00%,ramLoad:,59.52%,
2022/10/09,14:05:04,buildTime,3.170205555,cpuLoad:,0.05%,ramLoad:,59.42%,
2022/10/09,14:10:05,buildTime,3.420933635,cpuLoad:,0.09%,ramLoad:,59.42%,
2022/10/09,14:15:05,buildTime,3.337388854,cpuLoad:,0.04%,ramLoad:,59.42%,
2022/10/09,14:20:05,buildTime,3.282304899,cpuLoad:,0.00%,ramLoad:,59.52%,
2022/10/09,14:25:05,buildTime,3.203038465,cpuLoad:,0.23%,ramLoad:,59.63%,
2022/10/09,14:30:05,buildTime,3.460952837,cpuLoad:,0.00%,ramLoad:,59.52%,
2022/10/09,14:35:04,buildTime,3.363860278,cpuLoad:,0.14%,ramLoad:,62.53%,
2022/10/09,14:40:04,buildTime,3.273651397,cpuLoad:,0.01%,ramLoad:,59.52%,
2022/10/09,14:45:04,buildTime,3.278791758,cpuLoad:,0.00%,ramLoad:,59.52%,
2022/10/09,14:50:04,buildTime,3.559900715,cpuLoad:,0.00%,ramLoad:,59.52%,
2022/10/09,14:55:04,buildTime,3.314479047,cpuLoad:,0.03%,ramLoad:,59.83%,
2022/10/09,15:00:06,buildTime,4.634895058,cpuLoad:,0.00%,ramLoad:,59.73%,
2022/10/09,15:05:05,buildTime,3.379481727,cpuLoad:,0.00%,ramLoad:,59.32%,
2022/10/09,15:10:05,buildTime,3.307204617,cpuLoad:,0.01%,ramLoad:,59.42%,
2022/10/09,15:15:05,buildTime,3.275474934,cpuLoad:,0.13%,ramLoad:,59.11%,
2022/10/09,15:20:05,buildTime,3.201906424,cpuLoad:,0.01%,ramLoad:,59.01%,
2022/10/09,15:25:05,buildTime,3.322675994,cpuLoad:,0.00%,ramLoad:,59.21%,
2022/10/09,15:30:05,buildTime,3.575525159,cpuLoad:,0.07%,ramLoad:,59.11%,
2022/10/09,15:35:04,buildTime,3.295168575,cpuLoad:,0.02%,ramLoad:,59.01%,
2022/10/09,15:40:04,buildTime,3.375896259,cpuLoad:,0.01%,ramLoad:,59.01%,
2022/10/09,15:45:04,buildTime,3.292942279,cpuLoad:,0.09%,ramLoad:,59.21%,
2022/10/09,15:50:04,buildTime,3.488422879,cpuLoad:,0.02%,ramLoad:,59.11%,
2022/10/09,15:55:04,buildTime,3.282308822,cpuLoad:,0.04%,ramLoad:,59.21%,
2022/10/09,16:00:09,buildTime,8.050262337,cpuLoad:,0.04%,ramLoad:,60.25%,
2022/10/09,16:05:02,buildTime,1.366550581,cpuLoad:,0.23%,ramLoad:,60.56%,
2022/10/09,16:10:04,buildTime,3.315595395,cpuLoad:,0.07%,ramLoad:,62.11%,
2022/10/09,16:15:05,buildTime,3.405283675,cpuLoad:,0.01%,ramLoad:,60.66%,
2022/10/09,16:20:05,buildTime,3.347591797,cpuLoad:,0.00%,ramLoad:,60.56%,
2022/10/09,16:25:05,buildTime,3.231745526,cpuLoad:,0.00%,ramLoad:,59.94%,
2022/10/09,16:30:05,buildTime,3.741630517,cpuLoad:,0.00%,ramLoad:,59.83%,
2022/10/09,16:35:05,buildTime,3.226138413,cpuLoad:,0.02%,ramLoad:,59.52%,
2022/10/09,16:40:04,buildTime,3.243225334,cpuLoad:,0.01%,ramLoad:,61.49%,
2022/10/09,16:45:04,buildTime,3.258896225,cpuLoad:,0.00%,ramLoad:,59.52%,
2022/10/09,16:50:04,buildTime,3.373024602,cpuLoad:,0.24%,ramLoad:,59.52%,
2022/10/09,16:55:04,buildTime,3.271882416,cpuLoad:,0.05%,ramLoad:,60.35%,
2022/10/09,17:00:06,buildTime,5.371424550,cpuLoad:,0.00%,ramLoad:,60.25%,
2022/10/09,17:05:04,buildTime,3.284333241,cpuLoad:,0.00%,ramLoad:,60.77%,
2022/10/09,17:10:04,buildTime,3.308885032,cpuLoad:,0.02%,ramLoad:,60.35%,
2022/10/09,17:15:04,buildTime,3.281923440,cpuLoad:,0.15%,ramLoad:,60.14%,
2022/10/09,17:20:04,buildTime,3.295761335,cpuLoad:,0.00%,ramLoad:,60.04%,
2022/10/09,17:25:04,buildTime,3.219102126,cpuLoad:,0.00%,ramLoad:,59.94%,
2022/10/09,17:30:05,buildTime,3.883086703,cpuLoad:,0.04%,ramLoad:,59.94%,
2022/10/09,17:35:05,buildTime,3.229608730,cpuLoad:,0.23%,ramLoad:,59.83%,
2022/10/09,17:40:05,buildTime,3.216368931,cpuLoad:,0.00%,ramLoad:,59.63%,
2022/10/09,17:45:04,buildTime,3.305905200,cpuLoad:,0.04%,ramLoad:,59.83%,
2022/10/09,17:50:04,buildTime,3.426614211,cpuLoad:,0.03%,ramLoad:,59.73%,
2022/10/09,17:55:04,buildTime,3.312949566,cpuLoad:,0.14%,ramLoad:,59.52%,
2022/10/09,18:00:07,buildTime,6.201224180,cpuLoad:,0.00%,ramLoad:,59.52%,
2022/10/09,18:05:04,buildTime,3.245985768,cpuLoad:,0.00%,ramLoad:,59.42%,
2022/10/09,18:10:04,buildTime,3.362220264,cpuLoad:,0.11%,ramLoad:,59.42%,
2022/10/09,18:15:04,buildTime,3.268386188,cpuLoad:,0.07%,ramLoad:,59.11%,
2022/10/09,18:20:04,buildTime,3.129420584,cpuLoad:,0.16%,ramLoad:,59.42%,
2022/10/09,18:25:04,buildTime,3.247194114,cpuLoad:,0.00%,ramLoad:,59.52%,
2022/10/09,18:30:05,buildTime,3.631276724,cpuLoad:,0.00%,ramLoad:,61.39%,
2022/10/09,18:35:04,buildTime,3.063370603,cpuLoad:,0.06%,ramLoad:,59.42%,
2022/10/09,18:40:05,buildTime,3.234132454,cpuLoad:,0.02%,ramLoad:,59.42%,
2022/10/09,18:45:05,buildTime,3.405464523,cpuLoad:,0.00%,ramLoad:,59.52%,
2022/10/09,18:50:04,buildTime,3.356708871,cpuLoad:,0.00%,ramLoad:,59.32%,
2022/10/09,18:55:04,buildTime,3.337895174,cpuLoad:,0.01%,ramLoad:,59.63%,
2022/10/09,19:00:06,buildTime,5.226354071,cpuLoad:,0.06%,ramLoad:,58.70%,
2022/10/09,19:05:04,buildTime,3.257637247,cpuLoad:,0.01%,ramLoad:,59.01%,
2022/10/09,19:10:04,buildTime,3.505906712,cpuLoad:,0.00%,ramLoad:,59.52%,
2022/10/09,19:15:04,buildTime,3.344467957,cpuLoad:,0.02%,ramLoad:,61.80%,
2022/10/09,19:20:04,buildTime,3.235507859,cpuLoad:,0.11%,ramLoad:,59.21%,
2022/10/09,19:25:04,buildTime,3.212792287,cpuLoad:,0.00%,ramLoad:,59.21%,
2022/10/09,19:30:05,buildTime,3.734322317,cpuLoad:,0.02%,ramLoad:,59.21%,
2022/10/09,19:35:05,buildTime,3.231040207,cpuLoad:,0.03%,ramLoad:,59.11%,
2022/10/09,19:40:05,buildTime,3.264609630,cpuLoad:,0.30%,ramLoad:,59.11%,
2022/10/09,19:45:05,buildTime,3.234507087,cpuLoad:,0.00%,ramLoad:,59.11%,
2022/10/09,19:50:05,buildTime,3.314963357,cpuLoad:,0.00%,ramLoad:,59.11%,
2022/10/09,19:55:05,buildTime,3.076680410,cpuLoad:,0.11%,ramLoad:,59.01%,
2022/10/09,20:00:08,buildTime,7.160681807,cpuLoad:,0.14%,ramLoad:,59.52%,
2022/10/09,20:05:05,buildTime,3.406867325,cpuLoad:,0.06%,ramLoad:,61.80%,
2022/10/09,20:10:04,buildTime,3.458015858,cpuLoad:,0.00%,ramLoad:,59.73%,
2022/10/09,20:15:04,buildTime,3.299447718,cpuLoad:,0.01%,ramLoad:,58.90%,
2022/10/09,20:20:04,buildTime,3.269227506,cpuLoad:,0.00%,ramLoad:,60.04%,
2022/10/09,20:25:04,buildTime,3.256546688,cpuLoad:,0.01%,ramLoad:,59.63%,
2022/10/09,20:30:05,buildTime,4.106521378,cpuLoad:,0.00%,ramLoad:,57.76%,
2022/10/09,20:35:04,buildTime,3.326018876,cpuLoad:,0.01%,ramLoad:,58.07%,
2022/10/09,20:40:04,buildTime,3.213324068,cpuLoad:,0.05%,ramLoad:,59.32%,
2022/10/09,20:45:04,buildTime,3.246837142,cpuLoad:,0.01%,ramLoad:,59.32%,
2022/10/09,20:50:04,buildTime,3.286166236,cpuLoad:,0.01%,ramLoad:,58.80%,
2022/10/09,20:55:04,buildTime,3.259514778,cpuLoad:,0.06%,ramLoad:,59.83%,
2022/10/09,21:00:07,buildTime,5.961888594,cpuLoad:,0.11%,ramLoad:,59.63%,
2022/10/09,21:05:05,buildTime,3.218537047,cpuLoad:,0.00%,ramLoad:,59.73%,
2022/10/09,21:10:05,buildTime,3.238072662,cpuLoad:,0.02%,ramLoad:,59.83%,
2022/10/09,21:15:05,buildTime,3.134993412,cpuLoad:,0.13%,ramLoad:,59.73%,
2022/10/09,21:20:04,buildTime,3.323020979,cpuLoad:,0.01%,ramLoad:,59.73%,
2022/10/09,21:25:04,buildTime,3.286429502,cpuLoad:,0.00%,ramLoad:,59.63%,
2022/10/09,21:30:05,buildTime,3.942341280,cpuLoad:,0.08%,ramLoad:,59.63%,
2022/10/09,21:35:04,buildTime,3.345920976,cpuLoad:,0.38%,ramLoad:,58.39%,
2022/10/09,21:40:04,buildTime,3.258726756,cpuLoad:,0.04%,ramLoad:,59.32%,
2022/10/09,21:45:04,buildTime,3.328020468,cpuLoad:,0.08%,ramLoad:,59.42%,
2022/10/09,22:00:09,buildTime,7.571899127,cpuLoad:,0.58%,ramLoad:,61.80%,
2022/10/09,22:30:04,buildTime,3.058734556,cpuLoad:,0.02%,ramLoad:,59.32%,
2022/10/09,23:00:07,buildTime,5.335607000,cpuLoad:,0.07%,ramLoad:,57.66%,
2022/10/09,23:30:04,buildTime,2.767655023,cpuLoad:,0.00%,ramLoad:,58.49%,
2022/10/10,00:00:09,buildTime,6.967957485,cpuLoad:,0.41%,ramLoad:,58.18%,
2022/10/10,00:30:04,buildTime,2.712649168,cpuLoad:,0.13%,ramLoad:,60.87%,
2022/10/10,01:00:07,buildTime,5.071949972,cpuLoad:,0.00%,ramLoad:,58.07%,
2022/10/10,01:30:04,buildTime,3.219126685,cpuLoad:,0.00%,ramLoad:,62.84%,
2022/10/10,02:00:05,buildTime,3.898274617,cpuLoad:,0.00%,ramLoad:,60.35%,
2022/10/10,02:30:04,buildTime,3.476314462,cpuLoad:,0.02%,ramLoad:,59.94%,
2022/10/10,03:00:08,buildTime,6.666001508,cpuLoad:,0.07%,ramLoad:,59.73%,
2022/10/10,03:30:04,buildTime,3.141108992,cpuLoad:,0.06%,ramLoad:,58.07%,
2022/10/10,04:00:08,buildTime,6.895782161,cpuLoad:,0.03%,ramLoad:,58.80%,
2022/10/10,04:30:05,buildTime,3.102658889,cpuLoad:,0.01%,ramLoad:,59.01%,
2022/10/10,05:00:04,buildTime,3.796649079,cpuLoad:,0.00%,ramLoad:,58.28%,
2022/10/10,05:30:04,buildTime,3.200534708,cpuLoad:,0.05%,ramLoad:,57.97%,
2022/10/10,06:00:05,buildTime,4.587012870,cpuLoad:,0.00%,ramLoad:,58.70%,
2022/10/10,06:30:04,buildTime,2.677899662,cpuLoad:,0.11%,ramLoad:,58.28%,
2022/10/10,07:00:07,buildTime,5.795402142,cpuLoad:,0.10%,ramLoad:,57.25%,
2022/10/10,07:30:04,buildTime,2.657711263,cpuLoad:,0.01%,ramLoad:,57.97%,
2022/10/10,08:00:09,buildTime,7.932356895,cpuLoad:,0.01%,ramLoad:,58.39%,
2022/10/10,08:30:05,buildTime,4.187199619,cpuLoad:,0.04%,ramLoad:,63.25%,
2022/10/10,09:00:07,buildTime,6.106528082,cpuLoad:,0.00%,ramLoad:,62.53%,
2022/10/10,09:30:04,buildTime,3.485183252,cpuLoad:,0.00%,ramLoad:,64.80%,
2022/10/10,10:00:06,buildTime,4.666135880,cpuLoad:,0.01%,ramLoad:,62.63%,
2022/10/10,10:30:04,buildTime,3.408058060,cpuLoad:,0.00%,ramLoad:,64.08%,
2022/10/10,11:00:06,buildTime,4.509142201,cpuLoad:,0.00%,ramLoad:,61.80%,
2022/10/10,11:30:04,buildTime,2.809777268,cpuLoad:,0.15%,ramLoad:,63.56%,
2022/10/10,12:00:09,buildTime,7.648022660,cpuLoad:,0.02%,ramLoad:,64.08%,
2022/10/10,12:30:04,buildTime,3.759610283,cpuLoad:,0.06%,ramLoad:,59.52%,
2022/10/10,13:00:07,buildTime,5.800242827,cpuLoad:,0.00%,ramLoad:,61.08%,
2022/10/10,13:30:04,buildTime,3.396373418,cpuLoad:,0.06%,ramLoad:,62.42%,
2022/10/10,14:00:05,buildTime,4.027807490,cpuLoad:,0.05%,ramLoad:,60.56%,
2022/10/10,14:30:05,buildTime,3.545578876,cpuLoad:,0.07%,ramLoad:,62.73%,
2022/10/10,15:00:06,buildTime,4.649328195,cpuLoad:,0.10%,ramLoad:,63.04%,
2022/10/10,15:30:04,buildTime,2.779905620,cpuLoad:,0.00%,ramLoad:,59.63%,
2022/10/10,16:00:08,buildTime,6.221850614,cpuLoad:,0.02%,ramLoad:,62.94%,
2022/10/10,16:30:05,buildTime,3.639642937,cpuLoad:,0.00%,ramLoad:,63.77%,
2022/10/10,17:00:07,buildTime,5.065344153,cpuLoad:,0.02%,ramLoad:,60.66%,
2022/10/10,17:30:04,buildTime,3.503412347,cpuLoad:,0.05%,ramLoad:,62.42%,
2022/10/10,18:00:06,buildTime,5.249403745,cpuLoad:,0.32%,ramLoad:,59.94%,
2022/10/10,18:30:04,buildTime,2.989625394,cpuLoad:,0.00%,ramLoad:,60.77%,
2022/10/10,19:00:06,buildTime,5.162775200,cpuLoad:,0.10%,ramLoad:,59.21%,
2022/10/10,19:30:04,buildTime,2.820895153,cpuLoad:,0.13%,ramLoad:,59.01%,
2022/10/10,20:00:09,buildTime,6.948516346,cpuLoad:,0.40%,ramLoad:,61.70%,
2022/10/10,20:30:04,buildTime,3.337566887,cpuLoad:,0.04%,ramLoad:,60.87%,
2022/10/10,21:00:05,buildTime,4.405745108,cpuLoad:,0.00%,ramLoad:,60.25%,
2022/10/10,21:30:04,buildTime,3.196880514,cpuLoad:,0.01%,ramLoad:,62.11%,
2022/10/10,22:00:06,buildTime,5.293328682,cpuLoad:,0.00%,ramLoad:,59.94%,
2022/10/10,22:30:04,buildTime,3.246749476,cpuLoad:,0.00%,ramLoad:,60.97%,
2022/10/10,23:00:05,buildTime,4.051897026,cpuLoad:,0.04%,ramLoad:,59.52%,
2022/10/10,23:30:04,buildTime,2.962349156,cpuLoad:,0.01%,ramLoad:,58.39%,
2022/10/11,00:00:09,buildTime,8.030837353,cpuLoad:,0.00%,ramLoad:,61.80%,
2022/10/11,00:30:03,buildTime,1.739653211,cpuLoad:,0.08%,ramLoad:,63.15%,
2022/10/11,01:00:06,buildTime,4.862006905,cpuLoad:,0.19%,ramLoad:,60.97%,
2022/10/11,01:30:03,buildTime,1.420642129,cpuLoad:,0.05%,ramLoad:,64.29%,
2022/10/11,02:00:06,buildTime,4.456212586,cpuLoad:,0.29%,ramLoad:,61.18%,
2022/10/11,02:30:03,buildTime,1.300395115,cpuLoad:,0.02%,ramLoad:,60.35%,
2022/10/11,03:00:06,buildTime,4.835380499,cpuLoad:,0.06%,ramLoad:,63.25%,
2022/10/11,03:30:03,buildTime,2.325398221,cpuLoad:,0.00%,ramLoad:,61.28%,
2022/10/11,04:00:08,buildTime,6.806233693,cpuLoad:,0.00%,ramLoad:,62.53%,
2022/10/11,04:30:04,buildTime,2.209818528,cpuLoad:,0.01%,ramLoad:,60.35%,
2022/10/11,05:00:04,buildTime,3.622950665,cpuLoad:,0.04%,ramLoad:,63.87%,
2022/10/11,05:30:03,buildTime,1.906741953,cpuLoad:,0.14%,ramLoad:,62.63%,
2022/10/11,06:00:04,buildTime,3.041816875,cpuLoad:,0.00%,ramLoad:,61.49%,
2022/10/11,06:30:03,buildTime,1.703914229,cpuLoad:,0.08%,ramLoad:,62.11%,
2022/10/11,07:00:05,buildTime,4.530458225,cpuLoad:,0.00%,ramLoad:,56.73%,
2022/10/11,07:30:03,buildTime,1.846123425,cpuLoad:,0.06%,ramLoad:,61.90%,
2022/10/11,08:00:09,buildTime,7.241277683,cpuLoad:,0.01%,ramLoad:,59.63%,
2022/10/11,08:30:04,buildTime,2.098056938,cpuLoad:,0.05%,ramLoad:,60.87%,
2022/10/11,09:00:06,buildTime,5.214191987,cpuLoad:,0.00%,ramLoad:,64.18%,
2022/10/11,09:30:03,buildTime,2.425912586,cpuLoad:,0.00%,ramLoad:,61.18%,
2022/10/11,10:00:06,buildTime,5.415581799,cpuLoad:,0.00%,ramLoad:,60.97%,
2022/10/11,10:30:03,buildTime,2.119167189,cpuLoad:,0.02%,ramLoad:,63.25%,
2022/10/11,11:00:05,buildTime,3.545690886,cpuLoad:,0.01%,ramLoad:,62.42%,
2022/10/11,11:30:03,buildTime,1.681265723,cpuLoad:,0.03%,ramLoad:,63.25%,
2022/10/11,12:00:08,buildTime,6.455643954,cpuLoad:,0.61%,ramLoad:,63.15%,
2022/10/11,12:30:03,buildTime,1.287297614,cpuLoad:,0.06%,ramLoad:,41.41%,
2022/10/11,13:00:04,buildTime,3.646326183,cpuLoad:,0.00%,ramLoad:,42.34%,
2022/10/11,13:30:03,buildTime,2.452093875,cpuLoad:,0.00%,ramLoad:,42.03%,
2022/10/11,14:00:06,buildTime,5.200892641,cpuLoad:,0.00%,ramLoad:,40.48%,
2022/10/11,14:30:03,buildTime,2.036351073,cpuLoad:,0.08%,ramLoad:,45.45%,
2022/10/11,15:00:05,buildTime,3.755660049,cpuLoad:,0.04%,ramLoad:,43.37%,
2022/10/11,15:30:03,buildTime,2.382642391,cpuLoad:,0.05%,ramLoad:,44.82%,
2022/10/11,16:00:07,buildTime,6.091936149,cpuLoad:,0.02%,ramLoad:,44.82%,
2022/10/11,16:30:04,buildTime,2.252195631,cpuLoad:,0.00%,ramLoad:,60.97%,
2022/10/11,17:00:04,buildTime,3.652797891,cpuLoad:,0.00%,ramLoad:,64.18%,
2022/10/11,17:30:03,buildTime,1.797215438,cpuLoad:,0.02%,ramLoad:,60.77%,
2022/10/11,18:00:04,buildTime,3.110214942,cpuLoad:,0.01%,ramLoad:,60.66%,
2022/10/11,18:30:03,buildTime,1.979783023,cpuLoad:,0.03%,ramLoad:,60.35%,
2022/10/11,19:00:05,buildTime,4.217025613,cpuLoad:,0.06%,ramLoad:,60.97%,
2022/10/11,19:30:03,buildTime,1.627962395,cpuLoad:,0.00%,ramLoad:,59.73%,
2022/10/11,20:00:08,buildTime,6.932974991,cpuLoad:,0.00%,ramLoad:,59.94%,
2022/10/11,20:30:04,buildTime,2.261228278,cpuLoad:,0.15%,ramLoad:,60.46%,
2022/10/11,21:00:06,buildTime,4.361840777,cpuLoad:,0.08%,ramLoad:,60.25%,
2022/10/11,21:30:03,buildTime,2.247972825,cpuLoad:,0.00%,ramLoad:,59.63%,
2022/10/11,22:00:06,buildTime,4.865574398,cpuLoad:,0.00%,ramLoad:,61.80%,
2022/10/11,22:30:02,buildTime,1.633153225,cpuLoad:,0.00%,ramLoad:,58.49%,
2022/10/11,23:00:05,buildTime,4.244236108,cpuLoad:,0.00%,ramLoad:,60.35%,
2022/10/11,23:30:02,buildTime,1.574711530,cpuLoad:,0.00%,ramLoad:,60.87%,
2022/10/12,00:00:10,buildTime,7.542850355,cpuLoad:,1.17%,ramLoad:,60.04%,
2022/10/12,00:30:04,buildTime,2.367863117,cpuLoad:,0.05%,ramLoad:,56.31%,
2022/10/12,01:00:05,buildTime,4.009923310,cpuLoad:,0.06%,ramLoad:,57.25%,
2022/10/12,01:30:04,buildTime,2.079719718,cpuLoad:,0.08%,ramLoad:,53.52%,
2022/10/12,02:00:05,buildTime,4.255459834,cpuLoad:,0.29%,ramLoad:,56.42%,
2022/10/12,02:30:03,buildTime,2.060994194,cpuLoad:,0.00%,ramLoad:,54.14%,
2022/10/12,03:00:05,buildTime,4.141018653,cpuLoad:,0.24%,ramLoad:,56.52%,
2022/10/12,03:30:03,buildTime,1.724976208,cpuLoad:,0.14%,ramLoad:,56.42%,
2022/10/12,04:00:08,buildTime,7.491201366,cpuLoad:,0.00%,ramLoad:,54.14%,
2022/10/12,04:30:03,buildTime,1.413561060,cpuLoad:,0.01%,ramLoad:,58.28%,
2022/10/12,05:00:06,buildTime,5.304062720,cpuLoad:,0.01%,ramLoad:,56.52%,
2022/10/12,05:30:03,buildTime,2.207455062,cpuLoad:,0.00%,ramLoad:,60.04%,
2022/10/12,06:00:06,buildTime,4.944515545,cpuLoad:,0.20%,ramLoad:,56.63%,
2022/10/12,06:30:03,buildTime,1.779859858,cpuLoad:,0.00%,ramLoad:,57.76%,
2022/10/12,07:00:07,buildTime,4.948413832,cpuLoad:,0.24%,ramLoad:,57.04%,
2022/10/12,07:30:03,buildTime,2.473046954,cpuLoad:,0.00%,ramLoad:,56.73%,
2022/10/12,08:00:07,buildTime,6.524020605,cpuLoad:,0.04%,ramLoad:,57.87%,
2022/10/12,08:30:03,buildTime,2.378655963,cpuLoad:,0.05%,ramLoad:,41.30%,
2022/10/12,09:00:06,buildTime,5.058852370,cpuLoad:,0.00%,ramLoad:,44.41%,
2022/10/12,09:30:03,buildTime,1.574704505,cpuLoad:,0.00%,ramLoad:,44.93%,
2022/10/12,10:00:06,buildTime,4.759415187,cpuLoad:,0.00%,ramLoad:,47.00%,
2022/10/12,10:30:04,buildTime,2.093616779,cpuLoad:,0.02%,ramLoad:,47.52%,
2022/10/12,11:00:05,buildTime,4.665467071,cpuLoad:,0.00%,ramLoad:,44.00%,
2022/10/12,11:30:03,buildTime,2.099165544,cpuLoad:,0.28%,ramLoad:,45.34%,
2022/10/12,12:00:08,buildTime,7.486501232,cpuLoad:,0.07%,ramLoad:,48.34%,
2022/10/12,12:30:03,buildTime,2.086227642,cpuLoad:,0.05%,ramLoad:,57.25%,
2022/10/12,13:00:04,buildTime,3.041166200,cpuLoad:,0.00%,ramLoad:,57.76%,
2022/10/12,13:30:03,buildTime,2.249104151,cpuLoad:,0.00%,ramLoad:,59.01%,
2022/10/12,14:00:06,buildTime,5.036077157,cpuLoad:,0.00%,ramLoad:,60.25%,
2022/10/12,14:30:03,buildTime,2.314370168,cpuLoad:,0.01%,ramLoad:,59.42%,
2022/10/12,15:00:05,buildTime,3.435027288,cpuLoad:,0.01%,ramLoad:,61.39%,
2022/10/12,15:30:03,buildTime,1.601663728,cpuLoad:,0.10%,ramLoad:,57.66%,
2022/10/12,16:00:08,buildTime,6.559020086,cpuLoad:,0.31%,ramLoad:,59.83%,
2022/10/12,16:30:04,buildTime,2.367505980,cpuLoad:,0.01%,ramLoad:,62.53%,
2022/10/12,17:00:06,buildTime,4.461581777,cpuLoad:,0.00%,ramLoad:,61.59%,
2022/10/12,17:30:03,buildTime,1.864822647,cpuLoad:,0.03%,ramLoad:,64.91%,
2022/10/12,18:00:04,buildTime,3.318509125,cpuLoad:,0.06%,ramLoad:,65.11%,
2022/10/12,18:30:03,buildTime,2.187795763,cpuLoad:,0.00%,ramLoad:,62.84%,
2022/10/12,19:00:04,buildTime,3.148604148,cpuLoad:,0.12%,ramLoad:,62.53%,
2022/10/12,19:30:03,buildTime,2.357215705,cpuLoad:,0.00%,ramLoad:,62.94%,
2022/10/12,20:00:08,buildTime,6.984855266,cpuLoad:,0.13%,ramLoad:,63.15%,
2022/10/12,20:30:04,buildTime,2.424482269,cpuLoad:,0.00%,ramLoad:,61.80%,
2022/10/12,21:00:07,buildTime,5.553395012,cpuLoad:,0.00%,ramLoad:,63.87%,
2022/10/12,21:30:03,buildTime,1.507200466,cpuLoad:,0.22%,ramLoad:,61.59%,
2022/10/12,22:00:06,buildTime,5.524604430,cpuLoad:,0.12%,ramLoad:,62.42%,
2022/10/12,22:30:03,buildTime,1.827587457,cpuLoad:,0.10%,ramLoad:,61.80%,
2022/10/12,23:00:04,buildTime,3.199616069,cpuLoad:,0.00%,ramLoad:,61.90%,
2022/10/12,23:30:03,buildTime,2.359478802,cpuLoad:,0.00%,ramLoad:,61.49%,
2022/10/13,00:00:09,buildTime,8.030721243,cpuLoad:,0.00%,ramLoad:,60.77%,
2022/10/13,00:30:03,buildTime,2.758182832,cpuLoad:,0.18%,ramLoad:,62.22%,
2022/10/13,01:00:05,buildTime,4.721455456,cpuLoad:,0.00%,ramLoad:,62.94%,
2022/10/13,01:30:03,buildTime,2.089365249,cpuLoad:,0.00%,ramLoad:,63.25%,
2022/10/13,02:00:06,buildTime,4.611373338,cpuLoad:,0.00%,ramLoad:,65.53%,
2022/10/13,02:30:04,buildTime,2.542178835,cpuLoad:,0.01%,ramLoad:,61.80%,
2022/10/13,03:00:06,buildTime,4.722871332,cpuLoad:,0.04%,ramLoad:,59.11%,
2022/10/13,03:30:03,buildTime,2.053625037,cpuLoad:,0.36%,ramLoad:,62.22%,
2022/10/13,04:00:09,buildTime,6.307539058,cpuLoad:,0.32%,ramLoad:,61.70%,
2022/10/13,04:30:03,buildTime,1.817080648,cpuLoad:,0.00%,ramLoad:,62.73%,
2022/10/13,05:00:04,buildTime,2.902220313,cpuLoad:,0.01%,ramLoad:,62.01%,
2022/10/13,05:30:03,buildTime,1.619488780,cpuLoad:,0.13%,ramLoad:,61.08%,
2022/10/13,06:00:06,buildTime,5.028863871,cpuLoad:,0.04%,ramLoad:,61.28%,
2022/10/13,06:30:04,buildTime,2.186168797,cpuLoad:,0.00%,ramLoad:,60.66%,
2022/10/13,07:00:05,buildTime,4.416816368,cpuLoad:,0.00%,ramLoad:,61.90%,
2022/10/13,07:30:03,buildTime,2.088816224,cpuLoad:,0.00%,ramLoad:,59.42%,
2022/10/13,08:00:08,buildTime,6.663710717,cpuLoad:,0.04%,ramLoad:,58.39%,
2022/10/13,08:30:03,buildTime,2.810795318,cpuLoad:,0.13%,ramLoad:,44.62%,
2022/10/13,09:00:04,buildTime,3.311134434,cpuLoad:,0.00%,ramLoad:,41.41%,
2022/10/13,09:30:03,buildTime,1.992382662,cpuLoad:,0.00%,ramLoad:,43.58%,
2022/10/13,10:00:07,buildTime,6.220394205,cpuLoad:,0.01%,ramLoad:,43.48%,
2022/10/13,10:30:03,buildTime,2.346087680,cpuLoad:,0.04%,ramLoad:,44.51%,
2022/10/13,11:00:05,buildTime,3.865508549,cpuLoad:,0.25%,ramLoad:,43.27%,
2022/10/13,11:30:03,buildTime,2.009168231,cpuLoad:,0.00%,ramLoad:,45.34%,
2022/10/13,12:00:07,buildTime,5.918891881,cpuLoad:,0.03%,ramLoad:,43.17%,
2022/10/13,12:30:03,buildTime,2.014138849,cpuLoad:,0.00%,ramLoad:,58.59%,
2022/10/13,13:00:06,buildTime,4.365043180,cpuLoad:,0.02%,ramLoad:,58.39%,
2022/10/13,13:30:04,buildTime,2.163440218,cpuLoad:,0.03%,ramLoad:,60.56%,
2022/10/13,14:00:06,buildTime,4.620593600,cpuLoad:,0.05%,ramLoad:,58.90%,
2022/10/13,14:30:02,buildTime,1.861713157,cpuLoad:,0.00%,ramLoad:,61.39%,
2022/10/13,15:00:05,buildTime,4.659400297,cpuLoad:,0.18%,ramLoad:,61.39%,
2022/10/13,15:30:03,buildTime,1.852649348,cpuLoad:,0.01%,ramLoad:,61.18%,
2022/10/13,16:00:08,buildTime,6.807433439,cpuLoad:,0.00%,ramLoad:,62.11%,
2022/10/13,16:30:04,buildTime,2.305590662,cpuLoad:,0.11%,ramLoad:,60.25%,
2022/10/13,17:00:07,buildTime,5.284313845,cpuLoad:,0.03%,ramLoad:,60.77%,
2022/10/13,17:30:03,buildTime,1.594250736,cpuLoad:,0.23%,ramLoad:,60.77%,
2022/10/13,18:00:05,buildTime,4.745287375,cpuLoad:,0.03%,ramLoad:,60.14%,
2022/10/13,18:30:03,buildTime,1.937125304,cpuLoad:,0.00%,ramLoad:,61.80%,
2022/10/13,19:00:06,buildTime,4.971218954,cpuLoad:,0.00%,ramLoad:,58.28%,
2022/10/13,19:30:03,buildTime,1.662780672,cpuLoad:,0.09%,ramLoad:,62.11%,
2022/10/13,20:00:08,buildTime,6.698563322,cpuLoad:,0.02%,ramLoad:,61.59%,
2022/10/13,20:30:03,buildTime,1.632283839,cpuLoad:,0.04%,ramLoad:,59.94%,
2022/10/13,21:00:06,buildTime,5.348925474,cpuLoad:,0.01%,ramLoad:,62.22%,
2022/10/13,21:30:03,buildTime,2.651206323,cpuLoad:,0.01%,ramLoad:,59.11%,
2022/10/13,22:00:07,buildTime,5.892177243,cpuLoad:,0.01%,ramLoad:,59.32%,
2022/10/13,22:30:03,buildTime,2.524407418,cpuLoad:,0.00%,ramLoad:,60.25%,
2022/10/13,23:00:06,buildTime,4.878444067,cpuLoad:,0.16%,ramLoad:,57.04%,
2022/10/13,23:30:03,buildTime,1.598086740,cpuLoad:,0.04%,ramLoad:,59.01%,
2022/10/14,00:00:09,buildTime,8.595394927,cpuLoad:,0.00%,ramLoad:,59.83%,
2022/10/14,00:30:03,buildTime,2.520983365,cpuLoad:,0.16%,ramLoad:,38.72%,
2022/10/14,01:00:05,buildTime,3.720081013,cpuLoad:,0.00%,ramLoad:,41.10%,
2022/10/14,01:30:03,buildTime,1.964694201,cpuLoad:,0.02%,ramLoad:,43.58%,
2022/10/14,02:00:04,buildTime,2.891266410,cpuLoad:,0.02%,ramLoad:,42.13%,
2022/10/14,02:30:03,buildTime,2.127382167,cpuLoad:,0.00%,ramLoad:,43.27%,
2022/10/14,03:00:04,buildTime,2.842483667,cpuLoad:,0.16%,ramLoad:,42.86%,
2022/10/14,03:30:03,buildTime,2.050642868,cpuLoad:,0.07%,ramLoad:,44.82%,
2022/10/14,04:00:07,buildTime,6.416690469,cpuLoad:,0.00%,ramLoad:,41.93%,
2022/10/14,04:30:03,buildTime,2.119878402,cpuLoad:,0.04%,ramLoad:,60.25%,
2022/10/14,05:00:05,buildTime,4.646344828,cpuLoad:,0.00%,ramLoad:,59.21%,
2022/10/14,05:30:03,buildTime,2.469856933,cpuLoad:,0.01%,ramLoad:,60.97%,
2022/10/14,06:00:06,buildTime,5.073042379,cpuLoad:,0.01%,ramLoad:,60.56%,
2022/10/14,06:30:03,buildTime,1.573326807,cpuLoad:,0.20%,ramLoad:,59.63%,
2022/10/14,07:00:06,buildTime,4.904335984,cpuLoad:,0.23%,ramLoad:,60.35%,
2022/10/14,07:30:04,buildTime,2.532326306,cpuLoad:,0.04%,ramLoad:,60.46%,
2022/10/14,08:00:08,buildTime,6.599945404,cpuLoad:,0.08%,ramLoad:,65.32%,
2022/10/14,08:30:04,buildTime,2.326110597,cpuLoad:,0.00%,ramLoad:,59.01%,
2022/10/14,09:00:05,buildTime,3.579050665,cpuLoad:,0.00%,ramLoad:,59.94%,
2022/10/14,09:30:03,buildTime,2.766333411,cpuLoad:,0.02%,ramLoad:,59.63%,
2022/10/14,10:00:11,buildTime,10.575434476,cpuLoad:,0.00%,ramLoad:,63.87%,
2022/10/14,10:30:03,buildTime,2.492091729,cpuLoad:,0.09%,ramLoad:,60.87%,
2022/10/14,11:00:05,buildTime,3.822736952,cpuLoad:,0.16%,ramLoad:,59.21%,
2022/10/14,11:30:03,buildTime,1.715345234,cpuLoad:,0.00%,ramLoad:,60.97%,
2022/10/14,12:00:09,buildTime,7.859991604,cpuLoad:,0.03%,ramLoad:,57.35%,
2022/10/14,12:30:03,buildTime,1.823487879,cpuLoad:,0.00%,ramLoad:,57.04%,
2022/10/14,13:00:06,buildTime,4.962205147,cpuLoad:,0.00%,ramLoad:,58.07%,
2022/10/14,13:30:03,buildTime,2.141121363,cpuLoad:,0.00%,ramLoad:,60.35%,
2022/10/14,14:00:05,buildTime,4.759100320,cpuLoad:,0.00%,ramLoad:,60.35%,
2022/10/14,14:30:03,buildTime,1.723998645,cpuLoad:,0.04%,ramLoad:,60.14%,
2022/10/14,15:00:06,buildTime,4.764199678,cpuLoad:,0.01%,ramLoad:,60.87%,
2022/10/14,15:30:03,buildTime,2.149771004,cpuLoad:,0.07%,ramLoad:,58.59%,
2022/10/14,16:00:08,buildTime,6.378168874,cpuLoad:,0.19%,ramLoad:,60.77%,
2022/10/14,16:30:04,buildTime,2.680545579,cpuLoad:,0.00%,ramLoad:,59.83%,
2022/10/14,17:00:05,buildTime,4.177209370,cpuLoad:,0.18%,ramLoad:,63.87%,
2022/10/14,17:30:03,buildTime,1.883370680,cpuLoad:,0.00%,ramLoad:,60.87%,
2022/10/14,18:00:06,buildTime,4.238832488,cpuLoad:,0.00%,ramLoad:,61.49%,
2022/10/14,18:30:03,buildTime,1.538867505,cpuLoad:,0.00%,ramLoad:,58.80%,
2022/10/14,19:00:06,buildTime,4.884736796,cpuLoad:,0.08%,ramLoad:,58.70%,
2022/10/14,19:30:03,buildTime,2.125476254,cpuLoad:,0.01%,ramLoad:,61.80%,
2022/10/14,20:00:08,buildTime,7.563355763,cpuLoad:,0.00%,ramLoad:,60.14%,
2022/10/14,20:30:04,buildTime,2.737525858,cpuLoad:,0.00%,ramLoad:,64.39%,
2022/10/14,21:00:06,buildTime,5.405840240,cpuLoad:,0.02%,ramLoad:,62.63%,
2022/10/14,21:30:03,buildTime,2.305077923,cpuLoad:,0.19%,ramLoad:,61.70%,
2022/10/14,22:00:06,buildTime,4.692434498,cpuLoad:,0.01%,ramLoad:,64.70%,
2022/10/14,22:30:03,buildTime,1.616203979,cpuLoad:,0.00%,ramLoad:,64.70%,
2022/10/14,23:00:05,buildTime,3.772558926,cpuLoad:,0.19%,ramLoad:,64.49%,
2022/10/14,23:30:03,buildTime,2.535027489,cpuLoad:,0.00%,ramLoad:,64.08%,
2022/10/15,00:00:09,buildTime,7.983879210,cpuLoad:,0.00%,ramLoad:,64.29%,
2022/10/15,00:30:03,buildTime,1.627498144,cpuLoad:,0.01%,ramLoad:,44.20%,
2022/10/15,01:00:05,buildTime,3.836443484,cpuLoad:,0.00%,ramLoad:,47.41%,
2022/10/15,01:30:03,buildTime,2.734784105,cpuLoad:,0.02%,ramLoad:,47.41%,
2022/10/15,02:00:06,buildTime,5.222827951,cpuLoad:,0.08%,ramLoad:,48.03%,
2022/10/15,02:30:03,buildTime,1.706747624,cpuLoad:,0.00%,ramLoad:,47.31%,
2022/10/15,03:00:06,buildTime,5.091959795,cpuLoad:,0.02%,ramLoad:,43.89%,
2022/10/15,03:30:03,buildTime,1.535636167,cpuLoad:,0.07%,ramLoad:,47.93%,
2022/10/15,04:00:08,buildTime,6.748900696,cpuLoad:,0.00%,ramLoad:,45.86%,
2022/10/15,04:30:03,buildTime,1.983763237,cpuLoad:,0.05%,ramLoad:,41.93%,
2022/10/15,05:00:06,buildTime,4.499810270,cpuLoad:,0.00%,ramLoad:,44.93%,
2022/10/15,05:30:03,buildTime,1.540325157,cpuLoad:,0.09%,ramLoad:,45.96%,
2022/10/15,06:00:07,buildTime,5.415712308,cpuLoad:,0.00%,ramLoad:,42.34%,
2022/10/15,06:30:03,buildTime,2.594243022,cpuLoad:,0.09%,ramLoad:,46.69%,
2022/10/15,07:00:05,buildTime,4.910911702,cpuLoad:,0.05%,ramLoad:,46.89%,
2022/10/15,07:30:04,buildTime,2.253267781,cpuLoad:,0.00%,ramLoad:,66.98%,
2022/10/15,08:00:08,buildTime,7.244844516,cpuLoad:,0.04%,ramLoad:,68.43%,
2022/10/15,08:30:03,buildTime,2.037996531,cpuLoad:,0.03%,ramLoad:,61.39%,
2022/10/15,09:00:06,buildTime,4.745765264,cpuLoad:,0.15%,ramLoad:,61.28%,
2022/10/15,09:30:03,buildTime,1.855780864,cpuLoad:,0.00%,ramLoad:,64.49%,
2022/10/15,10:00:07,buildTime,5.618983845,cpuLoad:,0.00%,ramLoad:,60.87%,
2022/10/15,10:30:03,buildTime,1.617411134,cpuLoad:,0.09%,ramLoad:,59.73%,
2022/10/15,11:00:05,buildTime,3.658390289,cpuLoad:,0.02%,ramLoad:,63.25%,
2022/10/15,11:30:03,buildTime,1.580909413,cpuLoad:,0.32%,ramLoad:,60.35%,
2022/10/15,12:00:07,buildTime,6.733148098,cpuLoad:,0.04%,ramLoad:,62.01%,
2022/10/15,12:30:03,buildTime,1.945276359,cpuLoad:,0.12%,ramLoad:,61.39%,
2022/10/15,13:00:07,buildTime,5.214916212,cpuLoad:,0.08%,ramLoad:,59.32%,
2022/10/15,13:30:04,buildTime,2.172975580,cpuLoad:,0.01%,ramLoad:,60.97%,
2022/10/15,14:00:07,buildTime,4.930091271,cpuLoad:,0.00%,ramLoad:,59.73%,
2022/10/15,14:30:03,buildTime,2.139602713,cpuLoad:,0.29%,ramLoad:,60.14%,
2022/10/15,15:00:06,buildTime,5.289820900,cpuLoad:,0.58%,ramLoad:,62.42%,
2022/10/15,15:30:03,buildTime,2.274923255,cpuLoad:,0.03%,ramLoad:,60.14%,
2022/10/15,16:00:08,buildTime,7.120951011,cpuLoad:,0.04%,ramLoad:,62.94%,
2022/10/15,16:30:04,buildTime,2.230767474,cpuLoad:,0.04%,ramLoad:,61.80%,
2022/10/15,17:00:05,buildTime,3.341514589,cpuLoad:,0.05%,ramLoad:,63.15%,
2022/10/15,17:30:03,buildTime,2.092451126,cpuLoad:,0.20%,ramLoad:,61.39%,
2022/10/15,18:00:06,buildTime,4.544084130,cpuLoad:,0.00%,ramLoad:,61.18%,
2022/10/15,18:30:03,buildTime,1.664545168,cpuLoad:,0.42%,ramLoad:,62.84%,
2022/10/15,19:00:04,buildTime,3.089184919,cpuLoad:,0.04%,ramLoad:,63.98%,
2022/10/15,19:30:03,buildTime,1.483005285,cpuLoad:,0.09%,ramLoad:,60.35%,
2022/10/15,20:00:09,buildTime,7.897275552,cpuLoad:,0.07%,ramLoad:,61.18%,
2022/10/15,20:30:03,buildTime,1.952451843,cpuLoad:,0.10%,ramLoad:,59.83%,
2022/10/15,21:00:06,buildTime,5.043752136,cpuLoad:,0.00%,ramLoad:,60.35%,
